address,size,proposed_name,namespace,symbol_source_type,confidence,source_status,verification_evidence,caller_count,callee_count,overlay,notes
0x20000000,1,gte_ldv0,,IMPORTED,library_signature,decompiler_output_only,Non-default name from ghidra_psx_ldr auto-analysis (PsyQ Signatures analyzer or GTE macro segment); not independently reviewed.,2,0,main,
0x20000004,1,gte_ldv1,,IMPORTED,library_signature,decompiler_output_only,Non-default name from ghidra_psx_ldr auto-analysis (PsyQ Signatures analyzer or GTE macro segment); not independently reviewed.,1,0,main,
0x20000008,1,gte_ldv2,,IMPORTED,library_signature,decompiler_output_only,Non-default name from ghidra_psx_ldr auto-analysis (PsyQ Signatures analyzer or GTE macro segment); not independently reviewed.,1,0,main,
0x2000000c,1,gte_ldv3,,IMPORTED,library_signature,decompiler_output_only,Non-default name from ghidra_psx_ldr auto-analysis (PsyQ Signatures analyzer or GTE macro segment); not independently reviewed.,2,0,main,
0x20000010,1,gte_ldv3c,,IMPORTED,library_signature,decompiler_output_only,Non-default name from ghidra_psx_ldr auto-analysis (PsyQ Signatures analyzer or GTE macro segment); not independently reviewed.,1,0,main,
0x20000014,1,gte_ldv3c_vertc,,IMPORTED,library_signature,decompiler_output_only,Non-default name from ghidra_psx_ldr auto-analysis (PsyQ Signatures analyzer or GTE macro segment); not independently reviewed.,0,0,main,
0x20000018,1,gte_ldv01,,IMPORTED,library_signature,decompiler_output_only,Non-default name from ghidra_psx_ldr auto-analysis (PsyQ Signatures analyzer or GTE macro segment); not independently reviewed.,0,0,main,
0x2000001c,1,gte_ldv01c,,IMPORTED,library_signature,decompiler_output_only,Non-default name from ghidra_psx_ldr auto-analysis (PsyQ Signatures analyzer or GTE macro segment); not independently reviewed.,0,0,main,
0x20000020,1,gte_ldrgb,,IMPORTED,library_signature,decompiler_output_only,Non-default name from ghidra_psx_ldr auto-analysis (PsyQ Signatures analyzer or GTE macro segment); not independently reviewed.,1,0,main,
0x20000024,1,gte_ldrgb3,,IMPORTED,library_signature,decompiler_output_only,Non-default name from ghidra_psx_ldr auto-analysis (PsyQ Signatures analyzer or GTE macro segment); not independently reviewed.,1,0,main,
0x20000028,1,gte_ldrgb3c,,IMPORTED,library_signature,decompiler_output_only,Non-default name from ghidra_psx_ldr auto-analysis (PsyQ Signatures analyzer or GTE macro segment); not independently reviewed.,0,0,main,
0x2000002c,1,gte_ldlv0,,IMPORTED,library_signature,decompiler_output_only,Non-default name from ghidra_psx_ldr auto-analysis (PsyQ Signatures analyzer or GTE macro segment); not independently reviewed.,0,0,main,
0x20000030,1,gte_ldlvl,,IMPORTED,library_signature,decompiler_output_only,Non-default name from ghidra_psx_ldr auto-analysis (PsyQ Signatures analyzer or GTE macro segment); not independently reviewed.,5,0,main,
0x20000034,1,gte_ldsv,,IMPORTED,library_signature,decompiler_output_only,Non-default name from ghidra_psx_ldr auto-analysis (PsyQ Signatures analyzer or GTE macro segment); not independently reviewed.,1,0,main,
0x20000038,1,gte_ldbv,,IMPORTED,library_signature,decompiler_output_only,Non-default name from ghidra_psx_ldr auto-analysis (PsyQ Signatures analyzer or GTE macro segment); not independently reviewed.,0,0,main,
0x2000003c,1,gte_ldcv,,IMPORTED,library_signature,decompiler_output_only,Non-default name from ghidra_psx_ldr auto-analysis (PsyQ Signatures analyzer or GTE macro segment); not independently reviewed.,0,0,main,
0x20000040,1,gte_ldclmv,,IMPORTED,library_signature,decompiler_output_only,Non-default name from ghidra_psx_ldr auto-analysis (PsyQ Signatures analyzer or GTE macro segment); not independently reviewed.,0,0,main,
0x20000044,1,gte_lddp,,IMPORTED,library_signature,decompiler_output_only,Non-default name from ghidra_psx_ldr auto-analysis (PsyQ Signatures analyzer or GTE macro segment); not independently reviewed.,0,0,main,
0x20000048,1,gte_ldsxy0,,IMPORTED,library_signature,decompiler_output_only,Non-default name from ghidra_psx_ldr auto-analysis (PsyQ Signatures analyzer or GTE macro segment); not independently reviewed.,0,0,main,
0x2000004c,1,gte_ldsxy1,,IMPORTED,library_signature,decompiler_output_only,Non-default name from ghidra_psx_ldr auto-analysis (PsyQ Signatures analyzer or GTE macro segment); not independently reviewed.,0,0,main,
0x20000050,1,gte_ldsxy2,,IMPORTED,library_signature,decompiler_output_only,Non-default name from ghidra_psx_ldr auto-analysis (PsyQ Signatures analyzer or GTE macro segment); not independently reviewed.,0,0,main,
0x20000054,1,gte_ldsxy3,,IMPORTED,library_signature,decompiler_output_only,Non-default name from ghidra_psx_ldr auto-analysis (PsyQ Signatures analyzer or GTE macro segment); not independently reviewed.,0,0,main,
0x20000058,1,gte_ldsxy3c,,IMPORTED,library_signature,decompiler_output_only,Non-default name from ghidra_psx_ldr auto-analysis (PsyQ Signatures analyzer or GTE macro segment); not independently reviewed.,0,0,main,
0x2000005c,1,gte_ldsz3,,IMPORTED,library_signature,decompiler_output_only,Non-default name from ghidra_psx_ldr auto-analysis (PsyQ Signatures analyzer or GTE macro segment); not independently reviewed.,0,0,main,
0x20000060,1,gte_ldsz4,,IMPORTED,library_signature,decompiler_output_only,Non-default name from ghidra_psx_ldr auto-analysis (PsyQ Signatures analyzer or GTE macro segment); not independently reviewed.,0,0,main,
0x20000064,1,gte_ldopv1,,IMPORTED,library_signature,decompiler_output_only,Non-default name from ghidra_psx_ldr auto-analysis (PsyQ Signatures analyzer or GTE macro segment); not independently reviewed.,0,0,main,
0x20000068,1,gte_ldopv2,,IMPORTED,library_signature,decompiler_output_only,Non-default name from ghidra_psx_ldr auto-analysis (PsyQ Signatures analyzer or GTE macro segment); not independently reviewed.,2,0,main,
0x2000006c,1,gte_ldopv1SV,,IMPORTED,library_signature,decompiler_output_only,Non-default name from ghidra_psx_ldr auto-analysis (PsyQ Signatures analyzer or GTE macro segment); not independently reviewed.,2,0,main,
0x20000070,1,gte_ldopv2SV,,IMPORTED,library_signature,decompiler_output_only,Non-default name from ghidra_psx_ldr auto-analysis (PsyQ Signatures analyzer or GTE macro segment); not independently reviewed.,2,0,main,
0x20000074,1,gte_ldlzc,,IMPORTED,library_signature,decompiler_output_only,Non-default name from ghidra_psx_ldr auto-analysis (PsyQ Signatures analyzer or GTE macro segment); not independently reviewed.,0,0,main,
0x20000078,1,gte_SetRGBcd,,IMPORTED,library_signature,decompiler_output_only,Non-default name from ghidra_psx_ldr auto-analysis (PsyQ Signatures analyzer or GTE macro segment); not independently reviewed.,0,0,main,
0x2000007c,1,gte_ldbkdir,,IMPORTED,library_signature,decompiler_output_only,Non-default name from ghidra_psx_ldr auto-analysis (PsyQ Signatures analyzer or GTE macro segment); not independently reviewed.,0,0,main,
0x20000080,1,gte_SetBackColor,,IMPORTED,library_signature,decompiler_output_only,Non-default name from ghidra_psx_ldr auto-analysis (PsyQ Signatures analyzer or GTE macro segment); not independently reviewed.,0,0,main,
0x20000084,1,gte_ldfcdir,,IMPORTED,library_signature,decompiler_output_only,Non-default name from ghidra_psx_ldr auto-analysis (PsyQ Signatures analyzer or GTE macro segment); not independently reviewed.,0,0,main,
0x20000088,1,gte_SetFarColor,,IMPORTED,library_signature,decompiler_output_only,Non-default name from ghidra_psx_ldr auto-analysis (PsyQ Signatures analyzer or GTE macro segment); not independently reviewed.,0,0,main,
0x2000008c,1,gte_SetGeomOffset,,IMPORTED,library_signature,decompiler_output_only,Non-default name from ghidra_psx_ldr auto-analysis (PsyQ Signatures analyzer or GTE macro segment); not independently reviewed.,0,0,main,
0x20000090,1,gte_SetGeomScreen,,IMPORTED,library_signature,decompiler_output_only,Non-default name from ghidra_psx_ldr auto-analysis (PsyQ Signatures analyzer or GTE macro segment); not independently reviewed.,0,0,main,
0x20000094,1,gte_ldsvrtrow0,,IMPORTED,library_signature,decompiler_output_only,Non-default name from ghidra_psx_ldr auto-analysis (PsyQ Signatures analyzer or GTE macro segment); not independently reviewed.,0,0,main,
0x20000098,1,gte_SetRotMatrix,,IMPORTED,library_signature,decompiler_output_only,Non-default name from ghidra_psx_ldr auto-analysis (PsyQ Signatures analyzer or GTE macro segment); not independently reviewed.,2,0,main,
0x2000009c,1,gte_ldsvllrow0,,IMPORTED,library_signature,decompiler_output_only,Non-default name from ghidra_psx_ldr auto-analysis (PsyQ Signatures analyzer or GTE macro segment); not independently reviewed.,0,0,main,
0x200000a0,1,gte_SetLightMatrix,,IMPORTED,library_signature,decompiler_output_only,Non-default name from ghidra_psx_ldr auto-analysis (PsyQ Signatures analyzer or GTE macro segment); not independently reviewed.,0,0,main,
0x200000a4,1,gte_ldsvlcrow0,,IMPORTED,library_signature,decompiler_output_only,Non-default name from ghidra_psx_ldr auto-analysis (PsyQ Signatures analyzer or GTE macro segment); not independently reviewed.,0,0,main,
0x200000a8,1,gte_SetColorMatrix,,IMPORTED,library_signature,decompiler_output_only,Non-default name from ghidra_psx_ldr auto-analysis (PsyQ Signatures analyzer or GTE macro segment); not independently reviewed.,0,0,main,
0x200000ac,1,gte_SetTransMatrix,,IMPORTED,library_signature,decompiler_output_only,Non-default name from ghidra_psx_ldr auto-analysis (PsyQ Signatures analyzer or GTE macro segment); not independently reviewed.,0,0,main,
0x200000b0,1,gte_ldtr,,IMPORTED,library_signature,decompiler_output_only,Non-default name from ghidra_psx_ldr auto-analysis (PsyQ Signatures analyzer or GTE macro segment); not independently reviewed.,0,0,main,
0x200000b4,1,gte_SetTransVector,,IMPORTED,library_signature,decompiler_output_only,Non-default name from ghidra_psx_ldr auto-analysis (PsyQ Signatures analyzer or GTE macro segment); not independently reviewed.,0,0,main,
0x200000b8,1,gte_ld_intpol_uv0,,IMPORTED,library_signature,decompiler_output_only,Non-default name from ghidra_psx_ldr auto-analysis (PsyQ Signatures analyzer or GTE macro segment); not independently reviewed.,0,0,main,
0x200000bc,1,gte_ld_intpol_uv1,,IMPORTED,library_signature,decompiler_output_only,Non-default name from ghidra_psx_ldr auto-analysis (PsyQ Signatures analyzer or GTE macro segment); not independently reviewed.,0,0,main,
0x200000c0,1,gte_ld_intpol_bv0,,IMPORTED,library_signature,decompiler_output_only,Non-default name from ghidra_psx_ldr auto-analysis (PsyQ Signatures analyzer or GTE macro segment); not independently reviewed.,0,0,main,
0x200000c4,1,gte_ld_intpol_bv1,,IMPORTED,library_signature,decompiler_output_only,Non-default name from ghidra_psx_ldr auto-analysis (PsyQ Signatures analyzer or GTE macro segment); not independently reviewed.,0,0,main,
0x200000c8,1,gte_ld_intpol_sv0,,IMPORTED,library_signature,decompiler_output_only,Non-default name from ghidra_psx_ldr auto-analysis (PsyQ Signatures analyzer or GTE macro segment); not independently reviewed.,0,0,main,
0x200000cc,1,gte_ldfc,,IMPORTED,library_signature,decompiler_output_only,Non-default name from ghidra_psx_ldr auto-analysis (PsyQ Signatures analyzer or GTE macro segment); not independently reviewed.,0,0,main,
0x200000d0,1,gte_stsxy,,IMPORTED,library_signature,decompiler_output_only,Non-default name from ghidra_psx_ldr auto-analysis (PsyQ Signatures analyzer or GTE macro segment); not independently reviewed.,1,0,main,
0x200000d4,1,gte_stsxy3,,IMPORTED,library_signature,decompiler_output_only,Non-default name from ghidra_psx_ldr auto-analysis (PsyQ Signatures analyzer or GTE macro segment); not independently reviewed.,1,0,main,
0x200000d8,1,gte_stsxy3c,,IMPORTED,library_signature,decompiler_output_only,Non-default name from ghidra_psx_ldr auto-analysis (PsyQ Signatures analyzer or GTE macro segment); not independently reviewed.,0,0,main,
0x200000dc,1,gte_stsxy2,,IMPORTED,library_signature,decompiler_output_only,Non-default name from ghidra_psx_ldr auto-analysis (PsyQ Signatures analyzer or GTE macro segment); not independently reviewed.,0,0,main,
0x200000e0,1,gte_stsxy1,,IMPORTED,library_signature,decompiler_output_only,Non-default name from ghidra_psx_ldr auto-analysis (PsyQ Signatures analyzer or GTE macro segment); not independently reviewed.,0,0,main,
0x200000e4,1,gte_stsxy0,,IMPORTED,library_signature,decompiler_output_only,Non-default name from ghidra_psx_ldr auto-analysis (PsyQ Signatures analyzer or GTE macro segment); not independently reviewed.,1,0,main,
0x200000e8,1,gte_stsxy01,,IMPORTED,library_signature,decompiler_output_only,Non-default name from ghidra_psx_ldr auto-analysis (PsyQ Signatures analyzer or GTE macro segment); not independently reviewed.,0,0,main,
0x200000ec,1,gte_stsxy01c,,IMPORTED,library_signature,decompiler_output_only,Non-default name from ghidra_psx_ldr auto-analysis (PsyQ Signatures analyzer or GTE macro segment); not independently reviewed.,0,0,main,
0x200000f0,1,gte_stsxy3_f3,,IMPORTED,library_signature,decompiler_output_only,Non-default name from ghidra_psx_ldr auto-analysis (PsyQ Signatures analyzer or GTE macro segment); not independently reviewed.,0,0,main,
0x200000f4,1,gte_stsxy3_g3,,IMPORTED,library_signature,decompiler_output_only,Non-default name from ghidra_psx_ldr auto-analysis (PsyQ Signatures analyzer or GTE macro segment); not independently reviewed.,1,0,main,
0x200000f8,1,gte_stsxy3_ft3,,IMPORTED,library_signature,decompiler_output_only,Non-default name from ghidra_psx_ldr auto-analysis (PsyQ Signatures analyzer or GTE macro segment); not independently reviewed.,0,0,main,
0x200000fc,1,gte_stsxy3_gt3,,IMPORTED,library_signature,decompiler_output_only,Non-default name from ghidra_psx_ldr auto-analysis (PsyQ Signatures analyzer or GTE macro segment); not independently reviewed.,0,0,main,
0x20000100,1,gte_stsxy3_f4,,IMPORTED,library_signature,decompiler_output_only,Non-default name from ghidra_psx_ldr auto-analysis (PsyQ Signatures analyzer or GTE macro segment); not independently reviewed.,0,0,main,
0x20000104,1,gte_stsxy3_g4,,IMPORTED,library_signature,decompiler_output_only,Non-default name from ghidra_psx_ldr auto-analysis (PsyQ Signatures analyzer or GTE macro segment); not independently reviewed.,0,0,main,
0x20000108,1,gte_stsxy3_ft4,,IMPORTED,library_signature,decompiler_output_only,Non-default name from ghidra_psx_ldr auto-analysis (PsyQ Signatures analyzer or GTE macro segment); not independently reviewed.,0,0,main,
0x2000010c,1,gte_stsxy3_gt4,,IMPORTED,library_signature,decompiler_output_only,Non-default name from ghidra_psx_ldr auto-analysis (PsyQ Signatures analyzer or GTE macro segment); not independently reviewed.,0,0,main,
0x20000110,1,gte_stdp,,IMPORTED,library_signature,decompiler_output_only,Non-default name from ghidra_psx_ldr auto-analysis (PsyQ Signatures analyzer or GTE macro segment); not independently reviewed.,1,0,main,
0x20000114,1,gte_stflg,,IMPORTED,library_signature,decompiler_output_only,Non-default name from ghidra_psx_ldr auto-analysis (PsyQ Signatures analyzer or GTE macro segment); not independently reviewed.,0,0,main,
0x20000118,1,gte_stflg_4,,IMPORTED,library_signature,decompiler_output_only,Non-default name from ghidra_psx_ldr auto-analysis (PsyQ Signatures analyzer or GTE macro segment); not independently reviewed.,0,0,main,
0x2000011c,1,gte_stsz,,IMPORTED,library_signature,decompiler_output_only,Non-default name from ghidra_psx_ldr auto-analysis (PsyQ Signatures analyzer or GTE macro segment); not independently reviewed.,0,0,main,
0x20000120,1,gte_stsz3,,IMPORTED,library_signature,decompiler_output_only,Non-default name from ghidra_psx_ldr auto-analysis (PsyQ Signatures analyzer or GTE macro segment); not independently reviewed.,0,0,main,
0x20000124,1,gte_stsz4,,IMPORTED,library_signature,decompiler_output_only,Non-default name from ghidra_psx_ldr auto-analysis (PsyQ Signatures analyzer or GTE macro segment); not independently reviewed.,0,0,main,
0x20000128,1,gte_stsz3c,,IMPORTED,library_signature,decompiler_output_only,Non-default name from ghidra_psx_ldr auto-analysis (PsyQ Signatures analyzer or GTE macro segment); not independently reviewed.,0,0,main,
0x2000012c,1,gte_stsz4c,,IMPORTED,library_signature,decompiler_output_only,Non-default name from ghidra_psx_ldr auto-analysis (PsyQ Signatures analyzer or GTE macro segment); not independently reviewed.,0,0,main,
0x20000130,1,gte_stszotz,,IMPORTED,library_signature,decompiler_output_only,Non-default name from ghidra_psx_ldr auto-analysis (PsyQ Signatures analyzer or GTE macro segment); not independently reviewed.,0,0,main,
0x20000134,1,gte_stotz,,IMPORTED,library_signature,decompiler_output_only,Non-default name from ghidra_psx_ldr auto-analysis (PsyQ Signatures analyzer or GTE macro segment); not independently reviewed.,0,0,main,
0x20000138,1,gte_stopz,,IMPORTED,library_signature,decompiler_output_only,Non-default name from ghidra_psx_ldr auto-analysis (PsyQ Signatures analyzer or GTE macro segment); not independently reviewed.,0,0,main,
0x2000013c,1,gte_stlvl,,IMPORTED,library_signature,decompiler_output_only,Non-default name from ghidra_psx_ldr auto-analysis (PsyQ Signatures analyzer or GTE macro segment); not independently reviewed.,1,0,main,
0x20000140,1,gte_stlvnl,,IMPORTED,library_signature,decompiler_output_only,Non-default name from ghidra_psx_ldr auto-analysis (PsyQ Signatures analyzer or GTE macro segment); not independently reviewed.,4,0,main,
0x20000144,1,gte_stlvnl0,,IMPORTED,library_signature,decompiler_output_only,Non-default name from ghidra_psx_ldr auto-analysis (PsyQ Signatures analyzer or GTE macro segment); not independently reviewed.,0,0,main,
0x20000148,1,gte_stlvnl1,,IMPORTED,library_signature,decompiler_output_only,Non-default name from ghidra_psx_ldr auto-analysis (PsyQ Signatures analyzer or GTE macro segment); not independently reviewed.,0,0,main,
0x2000014c,1,gte_stlvnl2,,IMPORTED,library_signature,decompiler_output_only,Non-default name from ghidra_psx_ldr auto-analysis (PsyQ Signatures analyzer or GTE macro segment); not independently reviewed.,0,0,main,
0x20000150,1,gte_stsv,,IMPORTED,library_signature,decompiler_output_only,Non-default name from ghidra_psx_ldr auto-analysis (PsyQ Signatures analyzer or GTE macro segment); not independently reviewed.,2,0,main,
0x20000154,1,gte_stclmv,,IMPORTED,library_signature,decompiler_output_only,Non-default name from ghidra_psx_ldr auto-analysis (PsyQ Signatures analyzer or GTE macro segment); not independently reviewed.,0,0,main,
0x20000158,1,gte_stbv,,IMPORTED,library_signature,decompiler_output_only,Non-default name from ghidra_psx_ldr auto-analysis (PsyQ Signatures analyzer or GTE macro segment); not independently reviewed.,0,0,main,
0x2000015c,1,gte_stcv,,IMPORTED,library_signature,decompiler_output_only,Non-default name from ghidra_psx_ldr auto-analysis (PsyQ Signatures analyzer or GTE macro segment); not independently reviewed.,0,0,main,
0x20000160,1,gte_strgb,,IMPORTED,library_signature,decompiler_output_only,Non-default name from ghidra_psx_ldr auto-analysis (PsyQ Signatures analyzer or GTE macro segment); not independently reviewed.,2,0,main,
0x20000164,1,gte_strgb3,,IMPORTED,library_signature,decompiler_output_only,Non-default name from ghidra_psx_ldr auto-analysis (PsyQ Signatures analyzer or GTE macro segment); not independently reviewed.,1,0,main,
0x20000168,1,gte_strgb3_g3,,IMPORTED,library_signature,decompiler_output_only,Non-default name from ghidra_psx_ldr auto-analysis (PsyQ Signatures analyzer or GTE macro segment); not independently reviewed.,0,0,main,
0x2000016c,1,gte_strgb3_gt3,,IMPORTED,library_signature,decompiler_output_only,Non-default name from ghidra_psx_ldr auto-analysis (PsyQ Signatures analyzer or GTE macro segment); not independently reviewed.,0,0,main,
0x20000170,1,gte_strgb3_g4,,IMPORTED,library_signature,decompiler_output_only,Non-default name from ghidra_psx_ldr auto-analysis (PsyQ Signatures analyzer or GTE macro segment); not independently reviewed.,0,0,main,
0x20000174,1,gte_strgb3_gt4,,IMPORTED,library_signature,decompiler_output_only,Non-default name from ghidra_psx_ldr auto-analysis (PsyQ Signatures analyzer or GTE macro segment); not independently reviewed.,0,0,main,
0x20000178,1,gte_ReadGeomOffset,,IMPORTED,library_signature,decompiler_output_only,Non-default name from ghidra_psx_ldr auto-analysis (PsyQ Signatures analyzer or GTE macro segment); not independently reviewed.,0,0,main,
0x2000017c,1,gte_ReadGeomScreen,,IMPORTED,library_signature,decompiler_output_only,Non-default name from ghidra_psx_ldr auto-analysis (PsyQ Signatures analyzer or GTE macro segment); not independently reviewed.,0,0,main,
0x20000180,1,gte_ReadRotMatrix,,IMPORTED,library_signature,decompiler_output_only,Non-default name from ghidra_psx_ldr auto-analysis (PsyQ Signatures analyzer or GTE macro segment); not independently reviewed.,2,0,main,
0x20000184,1,gte_sttr,,IMPORTED,library_signature,decompiler_output_only,Non-default name from ghidra_psx_ldr auto-analysis (PsyQ Signatures analyzer or GTE macro segment); not independently reviewed.,0,0,main,
0x20000188,1,gte_ReadLightMatrix,,IMPORTED,library_signature,decompiler_output_only,Non-default name from ghidra_psx_ldr auto-analysis (PsyQ Signatures analyzer or GTE macro segment); not independently reviewed.,0,0,main,
0x2000018c,1,gte_ReadColorMatrix,,IMPORTED,library_signature,decompiler_output_only,Non-default name from ghidra_psx_ldr auto-analysis (PsyQ Signatures analyzer or GTE macro segment); not independently reviewed.,0,0,main,
0x20000190,1,gte_stlzc,,IMPORTED,library_signature,decompiler_output_only,Non-default name from ghidra_psx_ldr auto-analysis (PsyQ Signatures analyzer or GTE macro segment); not independently reviewed.,0,0,main,
0x20000194,1,gte_stfc,,IMPORTED,library_signature,decompiler_output_only,Non-default name from ghidra_psx_ldr auto-analysis (PsyQ Signatures analyzer or GTE macro segment); not independently reviewed.,0,0,main,
0x20000198,1,gte_subdvl,,IMPORTED,library_signature,decompiler_output_only,Non-default name from ghidra_psx_ldr auto-analysis (PsyQ Signatures analyzer or GTE macro segment); not independently reviewed.,0,0,main,
0x2000019c,1,gte_subdvd,,IMPORTED,library_signature,decompiler_output_only,Non-default name from ghidra_psx_ldr auto-analysis (PsyQ Signatures analyzer or GTE macro segment); not independently reviewed.,0,0,main,
0x200001a0,1,gte_adddvl,,IMPORTED,library_signature,decompiler_output_only,Non-default name from ghidra_psx_ldr auto-analysis (PsyQ Signatures analyzer or GTE macro segment); not independently reviewed.,0,0,main,
0x200001a4,1,gte_adddvd,,IMPORTED,library_signature,decompiler_output_only,Non-default name from ghidra_psx_ldr auto-analysis (PsyQ Signatures analyzer or GTE macro segment); not independently reviewed.,0,0,main,
0x200001a8,1,gte_RotTransPers,,IMPORTED,library_signature,decompiler_output_only,Non-default name from ghidra_psx_ldr auto-analysis (PsyQ Signatures analyzer or GTE macro segment); not independently reviewed.,0,0,main,
0x200001ac,1,gte_RotTransPers3,,IMPORTED,library_signature,decompiler_output_only,Non-default name from ghidra_psx_ldr auto-analysis (PsyQ Signatures analyzer or GTE macro segment); not independently reviewed.,0,0,main,
0x200001b0,1,gte_RotTrans,,IMPORTED,library_signature,decompiler_output_only,Non-default name from ghidra_psx_ldr auto-analysis (PsyQ Signatures analyzer or GTE macro segment); not independently reviewed.,0,0,main,
0x200001b4,1,gte_LocalLight,,IMPORTED,library_signature,decompiler_output_only,Non-default name from ghidra_psx_ldr auto-analysis (PsyQ Signatures analyzer or GTE macro segment); not independently reviewed.,0,0,main,
0x200001b8,1,gte_LightColor,,IMPORTED,library_signature,decompiler_output_only,Non-default name from ghidra_psx_ldr auto-analysis (PsyQ Signatures analyzer or GTE macro segment); not independently reviewed.,0,0,main,
0x200001bc,1,gte_DpqColorLight,,IMPORTED,library_signature,decompiler_output_only,Non-default name from ghidra_psx_ldr auto-analysis (PsyQ Signatures analyzer or GTE macro segment); not independently reviewed.,0,0,main,
0x200001c0,1,gte_DpqColor,,IMPORTED,library_signature,decompiler_output_only,Non-default name from ghidra_psx_ldr auto-analysis (PsyQ Signatures analyzer or GTE macro segment); not independently reviewed.,0,0,main,
0x200001c4,1,gte_DpqColor3,,IMPORTED,library_signature,decompiler_output_only,Non-default name from ghidra_psx_ldr auto-analysis (PsyQ Signatures analyzer or GTE macro segment); not independently reviewed.,0,0,main,
0x200001c8,1,gte_Intpl,,IMPORTED,library_signature,decompiler_output_only,Non-default name from ghidra_psx_ldr auto-analysis (PsyQ Signatures analyzer or GTE macro segment); not independently reviewed.,0,0,main,
0x200001cc,1,gte_Square12,,IMPORTED,library_signature,decompiler_output_only,Non-default name from ghidra_psx_ldr auto-analysis (PsyQ Signatures analyzer or GTE macro segment); not independently reviewed.,0,0,main,
0x200001d0,1,gte_Square0,,IMPORTED,library_signature,decompiler_output_only,Non-default name from ghidra_psx_ldr auto-analysis (PsyQ Signatures analyzer or GTE macro segment); not independently reviewed.,0,0,main,
0x200001d4,1,gte_NormalColor,,IMPORTED,library_signature,decompiler_output_only,Non-default name from ghidra_psx_ldr auto-analysis (PsyQ Signatures analyzer or GTE macro segment); not independently reviewed.,0,0,main,
0x200001d8,1,gte_NormalColor3,,IMPORTED,library_signature,decompiler_output_only,Non-default name from ghidra_psx_ldr auto-analysis (PsyQ Signatures analyzer or GTE macro segment); not independently reviewed.,0,0,main,
0x200001dc,1,gte_NormalColorDpq,,IMPORTED,library_signature,decompiler_output_only,Non-default name from ghidra_psx_ldr auto-analysis (PsyQ Signatures analyzer or GTE macro segment); not independently reviewed.,0,0,main,
0x200001e0,1,gte_NormalColorDpq3,,IMPORTED,library_signature,decompiler_output_only,Non-default name from ghidra_psx_ldr auto-analysis (PsyQ Signatures analyzer or GTE macro segment); not independently reviewed.,0,0,main,
0x200001e4,1,gte_NormalColorCol,,IMPORTED,library_signature,decompiler_output_only,Non-default name from ghidra_psx_ldr auto-analysis (PsyQ Signatures analyzer or GTE macro segment); not independently reviewed.,0,0,main,
0x200001e8,1,gte_NormalColorCol3,,IMPORTED,library_signature,decompiler_output_only,Non-default name from ghidra_psx_ldr auto-analysis (PsyQ Signatures analyzer or GTE macro segment); not independently reviewed.,0,0,main,
0x200001ec,1,gte_ColorDpq,,IMPORTED,library_signature,decompiler_output_only,Non-default name from ghidra_psx_ldr auto-analysis (PsyQ Signatures analyzer or GTE macro segment); not independently reviewed.,0,0,main,
0x200001f0,1,gte_ColorCol,,IMPORTED,library_signature,decompiler_output_only,Non-default name from ghidra_psx_ldr auto-analysis (PsyQ Signatures analyzer or GTE macro segment); not independently reviewed.,0,0,main,
0x200001f4,1,gte_NormalClip,,IMPORTED,library_signature,decompiler_output_only,Non-default name from ghidra_psx_ldr auto-analysis (PsyQ Signatures analyzer or GTE macro segment); not independently reviewed.,0,0,main,
0x200001f8,1,gte_AverageZ3,,IMPORTED,library_signature,decompiler_output_only,Non-default name from ghidra_psx_ldr auto-analysis (PsyQ Signatures analyzer or GTE macro segment); not independently reviewed.,0,0,main,
0x200001fc,1,gte_AverageZ4,,IMPORTED,library_signature,decompiler_output_only,Non-default name from ghidra_psx_ldr auto-analysis (PsyQ Signatures analyzer or GTE macro segment); not independently reviewed.,0,0,main,
0x20000200,1,gte_OuterProduct12,,IMPORTED,library_signature,decompiler_output_only,Non-default name from ghidra_psx_ldr auto-analysis (PsyQ Signatures analyzer or GTE macro segment); not independently reviewed.,0,0,main,
0x20000204,1,gte_OuterProduct0,,IMPORTED,library_signature,decompiler_output_only,Non-default name from ghidra_psx_ldr auto-analysis (PsyQ Signatures analyzer or GTE macro segment); not independently reviewed.,0,0,main,
0x20000208,1,gte_OuterProduct12SVL,,IMPORTED,library_signature,decompiler_output_only,Non-default name from ghidra_psx_ldr auto-analysis (PsyQ Signatures analyzer or GTE macro segment); not independently reviewed.,0,0,main,
0x2000020c,1,gte_OuterProduct0SVL,,IMPORTED,library_signature,decompiler_output_only,Non-default name from ghidra_psx_ldr auto-analysis (PsyQ Signatures analyzer or GTE macro segment); not independently reviewed.,0,0,main,
0x20000210,1,gte_OuterProduct12SV,,IMPORTED,library_signature,decompiler_output_only,Non-default name from ghidra_psx_ldr auto-analysis (PsyQ Signatures analyzer or GTE macro segment); not independently reviewed.,0,0,main,
0x20000214,1,gte_OuterProduct0SV,,IMPORTED,library_signature,decompiler_output_only,Non-default name from ghidra_psx_ldr auto-analysis (PsyQ Signatures analyzer or GTE macro segment); not independently reviewed.,0,0,main,
0x20000218,1,gte_Lzc,,IMPORTED,library_signature,decompiler_output_only,Non-default name from ghidra_psx_ldr auto-analysis (PsyQ Signatures analyzer or GTE macro segment); not independently reviewed.,0,0,main,
0x2000021c,1,gte_RotAverage3,,IMPORTED,library_signature,decompiler_output_only,Non-default name from ghidra_psx_ldr auto-analysis (PsyQ Signatures analyzer or GTE macro segment); not independently reviewed.,0,0,main,
0x20000220,1,gte_RotNclip3,,IMPORTED,library_signature,decompiler_output_only,Non-default name from ghidra_psx_ldr auto-analysis (PsyQ Signatures analyzer or GTE macro segment); not independently reviewed.,0,0,main,
0x20000224,1,gte_RotAverageNclip3,,IMPORTED,library_signature,decompiler_output_only,Non-default name from ghidra_psx_ldr auto-analysis (PsyQ Signatures analyzer or GTE macro segment); not independently reviewed.,0,0,main,
0x20000228,1,gte_RotColorDpq,,IMPORTED,library_signature,decompiler_output_only,Non-default name from ghidra_psx_ldr auto-analysis (PsyQ Signatures analyzer or GTE macro segment); not independently reviewed.,0,0,main,
0x2000022c,1,gte_RotColorDpq3,,IMPORTED,library_signature,decompiler_output_only,Non-default name from ghidra_psx_ldr auto-analysis (PsyQ Signatures analyzer or GTE macro segment); not independently reviewed.,0,0,main,
0x20000230,1,gte_RotAverageNclipColorDpq3,,IMPORTED,library_signature,decompiler_output_only,Non-default name from ghidra_psx_ldr auto-analysis (PsyQ Signatures analyzer or GTE macro segment); not independently reviewed.,0,0,main,
0x20000234,1,gte_RotAverageNclipColorCol3,,IMPORTED,library_signature,decompiler_output_only,Non-default name from ghidra_psx_ldr auto-analysis (PsyQ Signatures analyzer or GTE macro segment); not independently reviewed.,0,0,main,
0x20000238,1,gte_LoadAverage12,,IMPORTED,library_signature,decompiler_output_only,Non-default name from ghidra_psx_ldr auto-analysis (PsyQ Signatures analyzer or GTE macro segment); not independently reviewed.,0,0,main,
0x2000023c,1,gte_LoadAverage0,,IMPORTED,library_signature,decompiler_output_only,Non-default name from ghidra_psx_ldr auto-analysis (PsyQ Signatures analyzer or GTE macro segment); not independently reviewed.,0,0,main,
0x20000240,1,gte_LoadAverageShort12,,IMPORTED,library_signature,decompiler_output_only,Non-default name from ghidra_psx_ldr auto-analysis (PsyQ Signatures analyzer or GTE macro segment); not independently reviewed.,0,0,main,
0x20000244,1,gte_LoadAverageShort0,,IMPORTED,library_signature,decompiler_output_only,Non-default name from ghidra_psx_ldr auto-analysis (PsyQ Signatures analyzer or GTE macro segment); not independently reviewed.,0,0,main,
0x20000248,1,gte_LoadAverageByte,,IMPORTED,library_signature,decompiler_output_only,Non-default name from ghidra_psx_ldr auto-analysis (PsyQ Signatures analyzer or GTE macro segment); not independently reviewed.,0,0,main,
0x2000024c,1,gte_LoadAverageCol,,IMPORTED,library_signature,decompiler_output_only,Non-default name from ghidra_psx_ldr auto-analysis (PsyQ Signatures analyzer or GTE macro segment); not independently reviewed.,0,0,main,
0x20000250,1,gte_MulMatrix0,,IMPORTED,library_signature,decompiler_output_only,Non-default name from ghidra_psx_ldr auto-analysis (PsyQ Signatures analyzer or GTE macro segment); not independently reviewed.,0,0,main,
0x20000254,1,gte_ApplyMatrix,,IMPORTED,library_signature,decompiler_output_only,Non-default name from ghidra_psx_ldr auto-analysis (PsyQ Signatures analyzer or GTE macro segment); not independently reviewed.,0,0,main,
0x20000258,1,gte_ApplyMatrixSV,,IMPORTED,library_signature,decompiler_output_only,Non-default name from ghidra_psx_ldr auto-analysis (PsyQ Signatures analyzer or GTE macro segment); not independently reviewed.,0,0,main,
0x2000025c,1,gte_CompMatrix,,IMPORTED,library_signature,decompiler_output_only,Non-default name from ghidra_psx_ldr auto-analysis (PsyQ Signatures analyzer or GTE macro segment); not independently reviewed.,0,0,main,
0x20000260,1,gte_ApplyRotMatrix,,IMPORTED,library_signature,decompiler_output_only,Non-default name from ghidra_psx_ldr auto-analysis (PsyQ Signatures analyzer or GTE macro segment); not independently reviewed.,0,0,main,
0x800206f8,8,__main,,IMPORTED,manual,disassembly_reviewed,"Read disassembly + decompiled C 2026-07-13: body is `jr ra` / `nop` only, an empty no-op stub. Matches the standard PsyQ/SN __main() placeholder used when a program has no C++ static initializers to run. Confirms the PsyQ-signature name.",1,0,main,
0x80020700,36,start,,USER_DEFINED,manual,disassembly_reviewed,"Read disassembly + decompiled C 2026-07-13: body is the standard PsyQ crt0 BSS-clear loop (zeroes DAT_800e2938..UNK_80118e28 one word at a time). Confirms the PsyQ-signature name. Falls straight through into stup1 with no jr/jal.",0,0,main,"No return instruction in this function's declared body -- it falls through into stup1 with no branch. Ghidra's 36-byte boundary is a label position inside one continuous start->stup1->stup0->main->trap flow, not an independently-returning function; do not trust caller/callee counts here in isolation."
0x80020724,124,stup1,,USER_DEFINED,manual,disassembly_reviewed,"Read disassembly + decompiled C 2026-07-13: sets up sp/gp, computes heap bounds from linker symbols, calls InitHeap (0x8003baf8), then falls through into stup0. Confirms the PsyQ-signature name and the crt0 startup sequence.",0,1,main,"Also falls through into stup0 with no return; same boundary caveat as start."
0x800207a0,12,stup0,,USER_DEFINED,manual,disassembly_reviewed,"Read disassembly + decompiled C 2026-07-13: calls main() at 0x800226a4, then `trap 1` (standard PsyQ exit/debug trap if main returns). This is the crt0-to-game-code handoff point -- 0x800226a4 is where game-specific code begins; everything at/before stup0 is PsyQ boilerplate. Confirms the PsyQ-signature name.",0,1,main,"Decompiler reports a pcode error immediately after this function's body at 0x800207ac, exactly the 2MBYTE_OBJ_B4 one-byte marker row -- corroborates that marker is a non-code object-boundary artifact, not a real instruction."
0x800207ac,1,2MBYTE_OBJ_B4,,USER_DEFINED,library_signature,decompiler_output_only,Non-default name from ghidra_psx_ldr auto-analysis (PsyQ Signatures analyzer or GTE macro segment); not independently reviewed.,0,0,main,
0x80020d24,176,FUN_80020d24,,DEFAULT,unverified,decompiler_output_only,,18,1,main,
0x80020e68,128,FUN_80020e68,,DEFAULT,unverified,decompiler_output_only,,0,2,main,
0x80020efc,216,FUN_80020efc,,DEFAULT,unverified,decompiler_output_only,,1,3,main,
0x80021010,16,FUN_80021010,,DEFAULT,unverified,decompiler_output_only,,2,0,main,
0x8002112c,584,FUN_8002112c,,DEFAULT,unverified,decompiler_output_only,,1,2,main,
0x80021374,252,FUN_80021374,,DEFAULT,unverified,decompiler_output_only,,1,1,main,
0x80021470,596,FUN_80021470,,DEFAULT,unverified,decompiler_output_only,,3,2,main,
0x800219b8,60,FUN_800219b8,,DEFAULT,unverified,decompiler_output_only,,1,1,main,
0x80021a30,60,FUN_80021a30,,DEFAULT,unverified,decompiler_output_only,,1,1,main,
0x80021dfc,260,FUN_80021dfc,,DEFAULT,unverified,decompiler_output_only,,1,15,main,
0x80021f00,268,FUN_80021f00,,DEFAULT,unverified,decompiler_output_only,,1,5,main,
0x8002200c,300,FUN_8002200c,,DEFAULT,unverified,decompiler_output_only,,3,3,main,
0x80022148,36,FUN_80022148,,DEFAULT,unverified,decompiler_output_only,,1,0,main,
0x8002216c,156,FUN_8002216c,,DEFAULT,manual,disassembly_reviewed,"Read disassembly + decompiled C 2026-07-13: bzero(PTR_DAT_800ac8e8, 0x140), calls FUN_8009f508 and FUN_8009978c, clears PTR_DAT_800ac8ec[0x50] and DAT_800e2ad0, then explicitly sets PTR_DAT_800ac8e8[9..11]=0 and [0x3f..0x42]=1. This unconditionally zeroes offset 9, which is the exact flag main's do-while(PTR_DAT_800ac8e8[9] != 0) loop tests -- so that loop always runs exactly once and is not a spin/wait loop as its call-site position suggested. No name proposed: behavior looks like a per-scene/state reset routine (zero a ~320-byte state block, force several flag bytes to fixed values) called once before the real per-frame loop in main, but that is a hypothesis, not a confirmed identity.",1,3,main,"Corrects an inaccurate hypothesis in main's symbol-map notes/doc, which described this as gating a wait loop; superseded by this row's evidence."
0x80022208,60,FUN_80022208,,DEFAULT,unverified,decompiler_output_only,,1,4,main,
0x800222fc,172,FUN_800222fc,,DEFAULT,unverified,decompiler_output_only,,1,9,main,
0x800223a8,456,FUN_800223a8,,DEFAULT,unverified,decompiler_output_only,,13,2,main,
0x80022570,116,FUN_80022570,,DEFAULT,unverified,decompiler_output_only,,1,2,main,
0x800225e4,32,FUN_800225e4,,DEFAULT,unverified,decompiler_output_only,,1,0,main,
0x80022604,56,FUN_80022604,,DEFAULT,unverified,decompiler_output_only,,1,0,main,
0x8002263c,104,FUN_8002263c,,DEFAULT,unverified,decompiler_output_only,,1,1,main,
0x800226a4,408,main,,USER_DEFINED,manual,disassembly_reviewed,"Read disassembly + decompiled C 2026-07-13: calls __main (no-op) then 5 unnamed init calls (FUN_80021dfc, FUN_80027f7c, FUN_8007b778(0x80,0), FUN_800972a4, FUN_8003bbe8), installs a root-counter (RCNT2, event class 0xf2000003) interrupt handler via OpenEvent/EnableEvent/SetRCnt/StartRCnt (all correctly PsyQ-signature-named kernel BIOS calls), calls FUN_8003bbf8 once, then enters an infinite two-level loop reading/testing a global struct at PTR_DAT_800ac8e8 (and a neighboring PTR_DAT_800ac8ec): FUN_8002216c runs once per outer-loop pass (a one-shot reset, see its own row), then 5 more unnamed functions (FUN_80022cf8, FUN_800973e8, FUN_8002112c, FUN_8002d630, FUN_80028034) run every inner per-frame iteration gated by RCnt calls -- structurally a standard PS1 main loop: init subsystems, install vsync/timer IRQ, run forever. This is the crt0-to-game-code boundary confirmed: every callee below is DDR-5th-Mix-specific application code, not PsyQ library code (none matched a PsyQ signature).",1,19,main,"UPDATE 2026-07-13: FUN_8002216c reviewed -- it unconditionally zeroes the flag main's inner do-while(PTR_DAT_800ac8e8[9] != 0) tests, so that inner loop always runs exactly once; it is a one-shot reset called at the top of each outer-loop pass, not a spin/wait loop. See FUN_8002216c's own row for full evidence. 11 callees remain unverified/unnamed and are the next review targets, in call order: FUN_80021dfc, FUN_80027f7c, FUN_8007b778, FUN_800972a4, FUN_8003bbe8, FUN_8003bbf8 (one-time init, called before the loop); FUN_80022cf8, FUN_800973e8, FUN_8002112c, FUN_8002d630, FUN_80028034 (called every loop pass). No name is proposed for any of them here -- sizes/call sites are structural facts, not identity claims."
0x80022b30,456,FUN_80022b30,,DEFAULT,unverified,decompiler_output_only,,1,3,main,
0x80022cf8,524,FUN_80022cf8,,DEFAULT,unverified,decompiler_output_only,,1,14,main,
0x80022f04,172,FUN_80022f04,,DEFAULT,unverified,decompiler_output_only,,1,1,main,
0x80022fb0,152,FUN_80022fb0,,DEFAULT,unverified,decompiler_output_only,,1,5,main,
0x80023048,132,FUN_80023048,,DEFAULT,unverified,decompiler_output_only,,1,3,main,
0x800230cc,112,FUN_800230cc,,DEFAULT,unverified,decompiler_output_only,,1,2,main,
0x8002313c,52,FUN_8002313c,,DEFAULT,unverified,decompiler_output_only,,1,0,main,
0x80023170,32,FUN_80023170,,DEFAULT,unverified,decompiler_output_only,,0,0,main,
0x800231b0,32,FUN_800231b0,,DEFAULT,unverified,decompiler_output_only,,7,0,main,
0x80023210,32,FUN_80023210,,DEFAULT,unverified,decompiler_output_only,,9,0,main,
0x80023230,28,FUN_80023230,,DEFAULT,unverified,decompiler_output_only,,2,0,main,
0x800232cc,168,FUN_800232cc,,DEFAULT,unverified,decompiler_output_only,,1,5,main,
0x8002340c,104,FUN_8002340c,,DEFAULT,unverified,decompiler_output_only,,1,4,main,
0x80023474,88,FUN_80023474,,DEFAULT,unverified,decompiler_output_only,,1,6,main,
0x800234cc,52,FUN_800234cc,,DEFAULT,unverified,decompiler_output_only,,1,2,main,
0x80023500,68,FUN_80023500,,DEFAULT,unverified,decompiler_output_only,,1,4,main,
0x80023544,40,FUN_80023544,,DEFAULT,unverified,decompiler_output_only,,1,1,main,
0x8002356c,32,FUN_8002356c,,DEFAULT,unverified,decompiler_output_only,,1,1,main,
0x8002358c,108,FUN_8002358c,,DEFAULT,unverified,decompiler_output_only,,1,2,main,
0x800235f8,152,FUN_800235f8,,DEFAULT,unverified,decompiler_output_only,,1,1,main,
0x80023690,44,FUN_80023690,,DEFAULT,unverified,decompiler_output_only,,1,1,main,
0x800236bc,16,FUN_800236bc,,DEFAULT,unverified,decompiler_output_only,,0,0,main,
0x800236cc,8,FUN_800236cc,,DEFAULT,unverified,decompiler_output_only,,1,0,main,
0x80023744,476,FUN_80023744,,DEFAULT,unverified,decompiler_output_only,,1,0,main,
0x80023c00,444,FUN_80023c00,,DEFAULT,unverified,decompiler_output_only,,1,0,main,
0x80023dbc,224,FUN_80023dbc,,DEFAULT,unverified,decompiler_output_only,,6,0,main,
0x80023e9c,204,FUN_80023e9c,,DEFAULT,unverified,decompiler_output_only,,5,0,main,
0x80023f68,116,FUN_80023f68,,DEFAULT,unverified,decompiler_output_only,,6,0,main,
0x8002422c,1188,FUN_8002422c,,DEFAULT,unverified,decompiler_output_only,,0,11,main,
0x800246d0,1492,FUN_800246d0,,DEFAULT,unverified,decompiler_output_only,,0,12,main,
0x80024ca4,348,FUN_80024ca4,,DEFAULT,unverified,decompiler_output_only,,0,5,main,
0x80024e00,352,FUN_80024e00,,DEFAULT,unverified,decompiler_output_only,,8,2,main,
0x80024f60,124,FUN_80024f60,,DEFAULT,unverified,decompiler_output_only,,1,0,main,
0x80025850,220,FUN_80025850,,DEFAULT,unverified,decompiler_output_only,,1,3,main,
0x8002592c,188,FUN_8002592c,,DEFAULT,unverified,decompiler_output_only,,1,0,main,
0x800259e8,304,FUN_800259e8,,DEFAULT,unverified,decompiler_output_only,,1,1,main,
0x80025b18,260,FUN_80025b18,,DEFAULT,unverified,decompiler_output_only,,23,4,main,
0x80025c1c,296,FUN_80025c1c,,DEFAULT,unverified,decompiler_output_only,,1,1,main,
0x8002616c,384,FUN_8002616c,,DEFAULT,unverified,decompiler_output_only,,1,1,main,
0x800262ec,588,FUN_800262ec,,DEFAULT,unverified,decompiler_output_only,,1,0,main,
0x80026538,116,FUN_80026538,,DEFAULT,unverified,decompiler_output_only,,1,0,main,
0x80026940,328,FUN_80026940,,DEFAULT,unverified,decompiler_output_only,,17,8,main,
0x80026a88,320,FUN_80026a88,,DEFAULT,unverified,decompiler_output_only,,1,9,main,
0x80026bc8,312,FUN_80026bc8,,DEFAULT,unverified,decompiler_output_only,,1,3,main,
0x80026d00,368,FUN_80026d00,,DEFAULT,unverified,decompiler_output_only,,1,2,main,
0x80026e70,516,FUN_80026e70,,DEFAULT,unverified,decompiler_output_only,,1,4,main,
0x80027074,600,FUN_80027074,,DEFAULT,unverified,decompiler_output_only,,1,3,main,
0x800272cc,256,FUN_800272cc,,DEFAULT,unverified,decompiler_output_only,,2,1,main,
0x800273cc,488,FUN_800273cc,,DEFAULT,unverified,decompiler_output_only,,1,10,main,
0x800275b4,212,FUN_800275b4,,DEFAULT,unverified,decompiler_output_only,,1,5,main,
0x80027688,336,FUN_80027688,,DEFAULT,unverified,decompiler_output_only,,1,2,main,
0x800277d8,748,FUN_800277d8,,DEFAULT,unverified,decompiler_output_only,,0,3,main,
0x80027ac4,348,FUN_80027ac4,,DEFAULT,unverified,decompiler_output_only,,0,4,main,
0x80027c20,248,FUN_80027c20,,DEFAULT,unverified,decompiler_output_only,,0,3,main,
0x80027d18,444,FUN_80027d18,,DEFAULT,unverified,decompiler_output_only,,1,7,main,
0x80027ed4,168,FUN_80027ed4,,DEFAULT,unverified,decompiler_output_only,,1,2,main,
0x80027f7c,184,FUN_80027f7c,,DEFAULT,unverified,decompiler_output_only,,1,17,main,
0x80028034,148,FUN_80028034,,DEFAULT,unverified,decompiler_output_only,,4,13,main,
0x800280c8,136,FUN_800280c8,,DEFAULT,unverified,decompiler_output_only,,4,3,main,
0x80028150,148,FUN_80028150,,DEFAULT,unverified,decompiler_output_only,,0,3,main,
0x800281f4,40,FUN_800281f4,,DEFAULT,unverified,decompiler_output_only,,1,1,main,
0x8002821c,56,FUN_8002821c,,DEFAULT,unverified,decompiler_output_only,,1,0,main,
0x80028254,72,FUN_80028254,,DEFAULT,unverified,decompiler_output_only,,1,1,main,
0x8002829c,72,FUN_8002829c,,DEFAULT,unverified,decompiler_output_only,,21,0,main,
0x800282e4,24,FUN_800282e4,,DEFAULT,unverified,decompiler_output_only,,2,0,main,
0x80028358,32,FUN_80028358,,DEFAULT,unverified,decompiler_output_only,,17,1,main,
0x80028398,268,FUN_80028398,,DEFAULT,unverified,decompiler_output_only,,1,21,main,
0x80028588,120,FUN_80028588,,DEFAULT,unverified,decompiler_output_only,,1,2,main,
0x80028600,96,FUN_80028600,,DEFAULT,unverified,decompiler_output_only,,1,0,main,
0x800286bc,40,FUN_800286bc,,DEFAULT,unverified,decompiler_output_only,,1,1,main,
0x800286e4,28,FUN_800286e4,,DEFAULT,unverified,decompiler_output_only,,0,0,main,
0x80028740,72,FUN_80028740,,DEFAULT,unverified,decompiler_output_only,,1,0,main,
0x800287e0,180,FUN_800287e0,,DEFAULT,unverified,decompiler_output_only,,0,5,main,
0x80028894,72,FUN_80028894,,DEFAULT,unverified,decompiler_output_only,,0,2,main,
0x800289d0,36,FUN_800289d0,,DEFAULT,unverified,decompiler_output_only,,1,1,main,
0x800289f4,152,FUN_800289f4,,DEFAULT,unverified,decompiler_output_only,,0,1,main,
0x80028a8c,32,FUN_80028a8c,,DEFAULT,unverified,decompiler_output_only,,0,1,main,
0x80028aac,36,FUN_80028aac,,DEFAULT,unverified,decompiler_output_only,,1,1,main,
0x80028ad0,48,FUN_80028ad0,,DEFAULT,unverified,decompiler_output_only,,1,1,main,
0x80028b00,108,FUN_80028b00,,DEFAULT,unverified,decompiler_output_only,,1,3,main,
0x80028b6c,16,FUN_80028b6c,,DEFAULT,unverified,decompiler_output_only,,1,0,main,
0x80028c04,16,FUN_80028c04,,DEFAULT,unverified,decompiler_output_only,,1,0,main,
0x80028c14,56,FUN_80028c14,,DEFAULT,unverified,decompiler_output_only,,1,0,main,
0x80028c4c,40,FUN_80028c4c,,DEFAULT,unverified,decompiler_output_only,,1,1,main,
0x80028c74,112,FUN_80028c74,,DEFAULT,unverified,decompiler_output_only,,1,3,main,
0x80028ce4,88,FUN_80028ce4,,DEFAULT,unverified,decompiler_output_only,,1,0,main,
0x80028d3c,32,FUN_80028d3c,,DEFAULT,unverified,decompiler_output_only,,1,0,main,
0x80028d5c,52,FUN_80028d5c,,DEFAULT,unverified,decompiler_output_only,,1,0,main,
0x80028d90,80,FUN_80028d90,,DEFAULT,unverified,decompiler_output_only,,0,0,main,
0x80028de0,12,FUN_80028de0,,DEFAULT,unverified,decompiler_output_only,,1,0,main,
0x80028dec,108,FUN_80028dec,,DEFAULT,unverified,decompiler_output_only,,0,1,main,
0x80028e58,40,FUN_80028e58,,DEFAULT,unverified,decompiler_output_only,,1,1,main,
0x80028e80,112,FUN_80028e80,,DEFAULT,unverified,decompiler_output_only,,3,1,main,
0x80028ef0,132,FUN_80028ef0,,DEFAULT,unverified,decompiler_output_only,,3,0,main,
0x80028f74,32,FUN_80028f74,,DEFAULT,unverified,decompiler_output_only,,1,0,main,
0x80028f94,52,FUN_80028f94,,DEFAULT,unverified,decompiler_output_only,,1,1,main,
0x80028fc8,164,FUN_80028fc8,,DEFAULT,unverified,decompiler_output_only,,1,1,main,
0x8002906c,24,FUN_8002906c,,DEFAULT,unverified,decompiler_output_only,,1,0,main,
0x80029084,216,FUN_80029084,,DEFAULT,unverified,decompiler_output_only,,0,2,main,
0x8002915c,16,FUN_8002915c,,DEFAULT,unverified,decompiler_output_only,,0,0,main,
0x8002916c,188,FUN_8002916c,,DEFAULT,unverified,decompiler_output_only,,1,1,main,
0x80029228,16,FUN_80029228,,DEFAULT,unverified,decompiler_output_only,,1,0,main,
0x80029238,48,FUN_80029238,,DEFAULT,unverified,decompiler_output_only,,1,1,main,
0x80029268,128,FUN_80029268,,DEFAULT,unverified,decompiler_output_only,,1,2,main,
0x800292e8,60,FUN_800292e8,,DEFAULT,unverified,decompiler_output_only,,1,0,main,
0x80029324,108,FUN_80029324,,DEFAULT,unverified,decompiler_output_only,,1,1,main,
0x80029390,128,FUN_80029390,,DEFAULT,unverified,decompiler_output_only,,1,5,main,
0x80029410,48,FUN_80029410,,DEFAULT,unverified,decompiler_output_only,,2,0,main,
0x80029440,52,FUN_80029440,,DEFAULT,unverified,decompiler_output_only,,1,2,main,
0x80029474,12,FUN_80029474,,DEFAULT,unverified,decompiler_output_only,,1,0,main,
0x80029480,84,FUN_80029480,,DEFAULT,unverified,decompiler_output_only,,0,1,main,
0x800294d4,36,FUN_800294d4,,DEFAULT,unverified,decompiler_output_only,,2,1,main,
0x800294f8,40,FUN_800294f8,,DEFAULT,unverified,decompiler_output_only,,2,0,main,
0x80029520,140,FUN_80029520,,DEFAULT,unverified,decompiler_output_only,,2,0,main,
0x800295ac,152,FUN_800295ac,,DEFAULT,unverified,decompiler_output_only,,2,0,main,
0x80029644,104,FUN_80029644,,DEFAULT,unverified,decompiler_output_only,,2,0,main,
0x80029750,40,FUN_80029750,,DEFAULT,unverified,decompiler_output_only,,1,1,main,
0x80029788,60,FUN_80029788,,DEFAULT,unverified,decompiler_output_only,,1,1,main,
0x800297c4,104,FUN_800297c4,,DEFAULT,unverified,decompiler_output_only,,3,2,main,
0x80029850,24,FUN_80029850,,DEFAULT,unverified,decompiler_output_only,,1,0,main,
0x80029868,152,FUN_80029868,,DEFAULT,unverified,decompiler_output_only,,1,1,main,
0x80029920,188,FUN_80029920,,DEFAULT,unverified,decompiler_output_only,,1,2,main,
0x800299dc,112,FUN_800299dc,,DEFAULT,unverified,decompiler_output_only,,2,1,main,
0x80029a4c,104,FUN_80029a4c,,DEFAULT,unverified,decompiler_output_only,,1,1,main,
0x80029ab4,224,FUN_80029ab4,,DEFAULT,unverified,decompiler_output_only,,2,1,main,
0x80029b94,68,FUN_80029b94,,DEFAULT,unverified,decompiler_output_only,,4,2,main,
0x80029c40,140,FUN_80029c40,,DEFAULT,unverified,decompiler_output_only,,1,4,main,
0x80029ccc,16,FUN_80029ccc,,DEFAULT,unverified,decompiler_output_only,,1,0,main,
0x80029cdc,72,FUN_80029cdc,,DEFAULT,unverified,decompiler_output_only,,1,1,main,
0x80029d24,124,FUN_80029d24,,DEFAULT,unverified,decompiler_output_only,,1,1,main,
0x80029da0,104,FUN_80029da0,,DEFAULT,unverified,decompiler_output_only,,1,1,main,
0x80029e08,44,FUN_80029e08,,DEFAULT,unverified,decompiler_output_only,,2,0,main,
0x80029e34,60,FUN_80029e34,,DEFAULT,unverified,decompiler_output_only,,1,0,main,
0x80029ed0,40,FUN_80029ed0,,DEFAULT,unverified,decompiler_output_only,,1,0,main,
0x80029ef8,56,FUN_80029ef8,,DEFAULT,unverified,decompiler_output_only,,1,1,main,
0x80029f40,196,FUN_80029f40,,DEFAULT,unverified,decompiler_output_only,,3,0,main,
0x8002a004,72,FUN_8002a004,,DEFAULT,unverified,decompiler_output_only,,1,1,main,
0x8002a04c,32,FUN_8002a04c,,DEFAULT,unverified,decompiler_output_only,,1,1,main,
0x8002a0b8,56,FUN_8002a0b8,,DEFAULT,unverified,decompiler_output_only,,1,0,main,
0x8002a108,56,FUN_8002a108,,DEFAULT,unverified,decompiler_output_only,,1,1,main,
0x8002a140,52,FUN_8002a140,,DEFAULT,unverified,decompiler_output_only,,1,1,main,
0x8002a174,60,FUN_8002a174,,DEFAULT,unverified,decompiler_output_only,,5,1,main,
0x8002a1b0,64,FUN_8002a1b0,,DEFAULT,unverified,decompiler_output_only,,0,1,main,
0x8002a1f0,16,FUN_8002a1f0,,DEFAULT,unverified,decompiler_output_only,,1,0,main,
0x8002a200,12,FUN_8002a200,,DEFAULT,unverified,decompiler_output_only,,1,0,main,
0x8002a20c,164,FUN_8002a20c,,DEFAULT,unverified,decompiler_output_only,,2,0,main,
0x8002a2b0,40,FUN_8002a2b0,,DEFAULT,unverified,decompiler_output_only,,2,1,main,
0x8002a300,252,FUN_8002a300,,DEFAULT,unverified,decompiler_output_only,,0,3,main,
0x8002a3fc,60,FUN_8002a3fc,,DEFAULT,unverified,decompiler_output_only,,0,1,main,
0x8002a438,52,FUN_8002a438,,DEFAULT,unverified,decompiler_output_only,,0,1,main,
0x8002a4c8,224,FUN_8002a4c8,,DEFAULT,unverified,decompiler_output_only,,1,4,main,
0x8002a5a8,200,FUN_8002a5a8,,DEFAULT,unverified,decompiler_output_only,,2,1,main,
0x8002a670,16,FUN_8002a670,,DEFAULT,unverified,decompiler_output_only,,3,0,main,
0x8002a680,24,FUN_8002a680,,DEFAULT,unverified,decompiler_output_only,,1,0,main,
0x8002a698,48,FUN_8002a698,,DEFAULT,unverified,decompiler_output_only,,1,0,main,
0x8002a6c8,32,FUN_8002a6c8,,DEFAULT,unverified,decompiler_output_only,,1,0,main,
0x8002a7a4,92,FUN_8002a7a4,,DEFAULT,unverified,decompiler_output_only,,1,7,main,
0x8002a80c,32,FUN_8002a80c,,DEFAULT,unverified,decompiler_output_only,,3,0,main,
0x8002a82c,132,FUN_8002a82c,,DEFAULT,unverified,decompiler_output_only,,1,0,main,
0x8002a8b0,8,FUN_8002a8b0,,DEFAULT,unverified,decompiler_output_only,,40,0,main,
0x8002a8b8,292,FUN_8002a8b8,,DEFAULT,unverified,decompiler_output_only,,10,0,main,
0x8002a9dc,532,FUN_8002a9dc,,DEFAULT,unverified,decompiler_output_only,,22,4,main,
0x8002abf0,72,FUN_8002abf0,,DEFAULT,unverified,decompiler_output_only,,1,1,main,
0x8002ac88,760,FUN_8002ac88,,DEFAULT,unverified,decompiler_output_only,,1,1,main,
0x8002af84,600,FUN_8002af84,,DEFAULT,unverified,decompiler_output_only,,1,0,main,
0x8002b1e8,40,FUN_8002b1e8,,DEFAULT,unverified,decompiler_output_only,,1,0,main,
0x8002b210,32,SetTransMatrix,,USER_DEFINED,library_signature,decompiler_output_only,Non-default name from ghidra_psx_ldr auto-analysis (PsyQ Signatures analyzer or GTE macro segment); not independently reviewed.,0,0,main,
0x8002b634,256,FUN_8002b634,,DEFAULT,unverified,decompiler_output_only,,1,2,main,
0x8002b734,412,FUN_8002b734,,DEFAULT,unverified,decompiler_output_only,,1,2,main,
0x8002b8d0,272,FUN_8002b8d0,,DEFAULT,unverified,decompiler_output_only,,1,1,main,
0x8002b9e0,212,FUN_8002b9e0,,DEFAULT,unverified,decompiler_output_only,,1,0,main,
0x8002bab4,24,FUN_8002bab4,,DEFAULT,unverified,decompiler_output_only,,1,0,main,
0x8002bacc,224,FUN_8002bacc,,DEFAULT,unverified,decompiler_output_only,,1,1,main,
0x8002bbac,140,FUN_8002bbac,,DEFAULT,unverified,decompiler_output_only,,1,0,main,
0x8002c590,528,FUN_8002c590,,DEFAULT,unverified,decompiler_output_only,,1,8,main,
0x8002c7a0,1216,FUN_8002c7a0,,DEFAULT,unverified,decompiler_output_only,,1,4,main,
0x8002cc60,440,FUN_8002cc60,,DEFAULT,unverified,decompiler_output_only,,2,2,main,
0x8002cec0,140,FUN_8002cec0,,DEFAULT,unverified,decompiler_output_only,,1,1,main,
0x8002d13c,100,FUN_8002d13c,,DEFAULT,unverified,decompiler_output_only,,2,3,main,
0x8002d1a0,136,FUN_8002d1a0,,DEFAULT,unverified,decompiler_output_only,,1,2,main,
0x8002d228,136,FUN_8002d228,,DEFAULT,unverified,decompiler_output_only,,0,2,main,
0x8002d3b0,32,FUN_8002d3b0,,DEFAULT,unverified,decompiler_output_only,,1,1,main,
0x8002d3d0,172,FUN_8002d3d0,,DEFAULT,unverified,decompiler_output_only,,1,4,main,
0x8002d47c,156,FUN_8002d47c,,DEFAULT,unverified,decompiler_output_only,,1,3,main,
0x8002d518,20,FUN_8002d518,,DEFAULT,unverified,decompiler_output_only,,2,0,main,
0x8002d52c,148,FUN_8002d52c,,DEFAULT,unverified,decompiler_output_only,,2,2,main,
0x8002d5c0,20,FUN_8002d5c0,,DEFAULT,unverified,decompiler_output_only,,1,0,main,
0x8002d5d4,56,FUN_8002d5d4,,DEFAULT,unverified,decompiler_output_only,,1,1,main,
0x8002d60c,36,FUN_8002d60c,,DEFAULT,unverified,decompiler_output_only,,4,0,main,
0x8002d630,536,FUN_8002d630,,DEFAULT,unverified,decompiler_output_only,,4,5,main,
0x8002d848,60,FUN_8002d848,,DEFAULT,unverified,decompiler_output_only,,1,1,main,
0x8002d884,72,FUN_8002d884,,DEFAULT,unverified,decompiler_output_only,,1,0,main,
0x8002d930,44,FUN_8002d930,,DEFAULT,unverified,decompiler_output_only,,1,0,main,
0x8002d95c,76,SpuInitMalloc,,IMPORTED,library_signature,decompiler_output_only,Non-default name from ghidra_psx_ldr auto-analysis (PsyQ Signatures analyzer or GTE macro segment); not independently reviewed.,2,1,main,
0x8002d9a8,8,S_M_INIT_OBJ_4C,,USER_DEFINED,library_signature,decompiler_output_only,Non-default name from ghidra_psx_ldr auto-analysis (PsyQ Signatures analyzer or GTE macro segment); not independently reviewed.,1,0,main,
0x8002d9bc,212,_spu_init,,IMPORTED,library_signature,decompiler_output_only,Non-default name from ghidra_psx_ldr auto-analysis (PsyQ Signatures analyzer or GTE macro segment); not independently reviewed.,1,3,main,
0x8002da90,428,SPU_OBJ_D4,,USER_DEFINED,library_signature,decompiler_output_only,Non-default name from ghidra_psx_ldr auto-analysis (PsyQ Signatures analyzer or GTE macro segment); not independently reviewed.,1,2,main,
0x8002dc3c,272,SPU_OBJ_280,,IMPORTED,library_signature,decompiler_output_only,Non-default name from ghidra_psx_ldr auto-analysis (PsyQ Signatures analyzer or GTE macro segment); not independently reviewed.,2,3,main,
0x8002dd4c,148,SPU_OBJ_390,,USER_DEFINED,library_signature,decompiler_output_only,Non-default name from ghidra_psx_ldr auto-analysis (PsyQ Signatures analyzer or GTE macro segment); not independently reviewed.,1,3,main,
0x8002dde0,28,SPU_OBJ_424,,USER_DEFINED,library_signature,decompiler_output_only,Non-default name from ghidra_psx_ldr auto-analysis (PsyQ Signatures analyzer or GTE macro segment); not independently reviewed.,1,0,main,
0x8002ddfc,172,_spu_FiDMA,,USER_DEFINED,library_signature,decompiler_output_only,Non-default name from ghidra_psx_ldr auto-analysis (PsyQ Signatures analyzer or GTE macro segment); not independently reviewed.,0,3,main,
0x8002dea8,16,SPU_OBJ_4EC,,USER_DEFINED,library_signature,decompiler_output_only,Non-default name from ghidra_psx_ldr auto-analysis (PsyQ Signatures analyzer or GTE macro segment); not independently reviewed.,1,0,main,
0x8002deb8,168,_spu_Fr_,,USER_DEFINED,library_signature,decompiler_output_only,Non-default name from ghidra_psx_ldr auto-analysis (PsyQ Signatures analyzer or GTE macro segment); not independently reviewed.,0,2,main,
0x8002df60,488,_spu_t,,IMPORTED,library_signature,decompiler_output_only,Non-default name from ghidra_psx_ldr auto-analysis (PsyQ Signatures analyzer or GTE macro segment); not independently reviewed.,3,4,main,
0x8002e148,136,SPU_OBJ_78C,,USER_DEFINED,library_signature,decompiler_output_only,Non-default name from ghidra_psx_ldr auto-analysis (PsyQ Signatures analyzer or GTE macro segment); not independently reviewed.,1,0,main,
0x8002e1d0,16,SPU_OBJ_814,,USER_DEFINED,library_signature,decompiler_output_only,Non-default name from ghidra_psx_ldr auto-analysis (PsyQ Signatures analyzer or GTE macro segment); not independently reviewed.,1,0,main,
0x8002e1e0,112,_spu_Fw,,IMPORTED,library_signature,decompiler_output_only,Non-default name from ghidra_psx_ldr auto-analysis (PsyQ Signatures analyzer or GTE macro segment); not independently reviewed.,2,3,main,
0x8002e250,20,SPU_OBJ_894,,USER_DEFINED,library_signature,decompiler_output_only,Non-default name from ghidra_psx_ldr auto-analysis (PsyQ Signatures analyzer or GTE macro segment); not independently reviewed.,1,0,main,
0x8002e264,100,_spu_Fr,,USER_DEFINED,library_signature,decompiler_output_only,Non-default name from ghidra_psx_ldr auto-analysis (PsyQ Signatures analyzer or GTE macro segment); not independently reviewed.,0,1,main,
0x8002e2c8,60,_spu_FsetRXX,,IMPORTED,library_signature,decompiler_output_only,Non-default name from ghidra_psx_ldr auto-analysis (PsyQ Signatures analyzer or GTE macro segment); not independently reviewed.,2,1,main,
0x8002e304,8,SPU_OBJ_948,,USER_DEFINED,library_signature,decompiler_output_only,Non-default name from ghidra_psx_ldr auto-analysis (PsyQ Signatures analyzer or GTE macro segment); not independently reviewed.,1,0,main,
0x8002e30c,156,_spu_FsetRXXa,,IMPORTED,library_signature,decompiler_output_only,Non-default name from ghidra_psx_ldr auto-analysis (PsyQ Signatures analyzer or GTE macro segment); not independently reviewed.,4,1,main,
0x8002e3a8,8,SPU_OBJ_9EC,,USER_DEFINED,library_signature,decompiler_output_only,Non-default name from ghidra_psx_ldr auto-analysis (PsyQ Signatures analyzer or GTE macro segment); not independently reviewed.,1,0,main,
0x8002e3b0,52,_spu_FgetRXXa,,USER_DEFINED,library_signature,decompiler_output_only,Non-default name from ghidra_psx_ldr auto-analysis (PsyQ Signatures analyzer or GTE macro segment); not independently reviewed.,0,1,main,
0x8002e3e4,8,SPU_OBJ_A28,,USER_DEFINED,library_signature,decompiler_output_only,Non-default name from ghidra_psx_ldr auto-analysis (PsyQ Signatures analyzer or GTE macro segment); not independently reviewed.,1,0,main,
0x8002e3ec,76,_spu_FsetPCR,,USER_DEFINED,library_signature,decompiler_output_only,Non-default name from ghidra_psx_ldr auto-analysis (PsyQ Signatures analyzer or GTE macro segment); not independently reviewed.,0,1,main,
0x8002e438,12,SPU_OBJ_A7C,,USER_DEFINED,library_signature,decompiler_output_only,Non-default name from ghidra_psx_ldr auto-analysis (PsyQ Signatures analyzer or GTE macro segment); not independently reviewed.,1,0,main,
0x8002e444,40,SPU_OBJ_A88,,IMPORTED,library_signature,decompiler_output_only,Non-default name from ghidra_psx_ldr auto-analysis (PsyQ Signatures analyzer or GTE macro segment); not independently reviewed.,1,0,main,
0x8002e46c,40,SPU_OBJ_AB0,,IMPORTED,library_signature,decompiler_output_only,Non-default name from ghidra_psx_ldr auto-analysis (PsyQ Signatures analyzer or GTE macro segment); not independently reviewed.,2,0,main,
0x8002e494,64,_spu_Fw1ts,,IMPORTED,library_signature,decompiler_output_only,Non-default name from ghidra_psx_ldr auto-analysis (PsyQ Signatures analyzer or GTE macro segment); not independently reviewed.,6,1,main,
0x8002e4d4,28,SPU_OBJ_B18,,USER_DEFINED,library_signature,decompiler_output_only,Non-default name from ghidra_psx_ldr auto-analysis (PsyQ Signatures analyzer or GTE macro segment); not independently reviewed.,1,0,main,
0x8002e4fc,176,SpuSetReverb,,IMPORTED,library_signature,decompiler_output_only,Non-default name from ghidra_psx_ldr auto-analysis (PsyQ Signatures analyzer or GTE macro segment); not independently reviewed.,3,3,main,
0x8002e5ac,4,S_SR_OBJ_B0,,USER_DEFINED,library_signature,decompiler_output_only,Non-default name from ghidra_psx_ldr auto-analysis (PsyQ Signatures analyzer or GTE macro segment); not independently reviewed.,1,0,main,
0x8002e5b0,24,S_SR_OBJ_B4,,USER_DEFINED,library_signature,decompiler_output_only,Non-default name from ghidra_psx_ldr auto-analysis (PsyQ Signatures analyzer or GTE macro segment); not independently reviewed.,1,0,main,
0x8002e5cc,232,_SpuInit,,IMPORTED,library_signature,decompiler_output_only,Non-default name from ghidra_psx_ldr auto-analysis (PsyQ Signatures analyzer or GTE macro segment); not independently reviewed.,1,4,main,
0x8002e6b4,112,SpuStart,,IMPORTED,library_signature,decompiler_output_only,Non-default name from ghidra_psx_ldr auto-analysis (PsyQ Signatures analyzer or GTE macro segment); not independently reviewed.,1,5,main,
0x8002e72c,36,FUN_8002e72c,,DEFAULT,unverified,decompiler_output_only,,1,1,main,
0x8002e75c,44,_SpuIsInAllocateArea,,USER_DEFINED,library_signature,decompiler_output_only,Non-default name from ghidra_psx_ldr auto-analysis (PsyQ Signatures analyzer or GTE macro segment); not independently reviewed.,0,1,main,
0x8002e788,76,S_M_UTIL_OBJ_2C,,USER_DEFINED,library_signature,decompiler_output_only,Non-default name from ghidra_psx_ldr auto-analysis (PsyQ Signatures analyzer or GTE macro segment); not independently reviewed.,0,0,main,
0x8002e7d4,8,S_M_UTIL_OBJ_78,,USER_DEFINED,library_signature,decompiler_output_only,Non-default name from ghidra_psx_ldr auto-analysis (PsyQ Signatures analyzer or GTE macro segment); not independently reviewed.,1,0,main,
0x8002e7dc,56,_SpuIsInAllocateArea_,,IMPORTED,library_signature,decompiler_output_only,Non-default name from ghidra_psx_ldr auto-analysis (PsyQ Signatures analyzer or GTE macro segment); not independently reviewed.,4,1,main,
0x8002e814,76,S_M_UTIL_OBJ_B8,,USER_DEFINED,library_signature,decompiler_output_only,Non-default name from ghidra_psx_ldr auto-analysis (PsyQ Signatures analyzer or GTE macro segment); not independently reviewed.,0,0,main,
0x8002e860,8,S_M_UTIL_OBJ_104,,USER_DEFINED,library_signature,decompiler_output_only,Non-default name from ghidra_psx_ldr auto-analysis (PsyQ Signatures analyzer or GTE macro segment); not independently reviewed.,1,0,main,
0x8002e86c,60,SpuReserveReverbWorkArea,,IMPORTED,library_signature,decompiler_output_only,Non-default name from ghidra_psx_ldr auto-analysis (PsyQ Signatures analyzer or GTE macro segment); not independently reviewed.,1,2,main,
0x8002e8a8,16,S_RRWA_OBJ_3C,,USER_DEFINED,library_signature,decompiler_output_only,Non-default name from ghidra_psx_ldr auto-analysis (PsyQ Signatures analyzer or GTE macro segment); not independently reviewed.,1,0,main,
0x8002e8bc,36,FUN_8002e8bc,,DEFAULT,unverified,decompiler_output_only,,2,1,main,
0x8002e8ec,304,_SpuSetAnyVoice,,IMPORTED,library_signature,decompiler_output_only,Non-default name from ghidra_psx_ldr auto-analysis (PsyQ Signatures analyzer or GTE macro segment); not independently reviewed.,2,2,main,
0x8002ea1c,16,S_SAV_OBJ_130,,USER_DEFINED,library_signature,decompiler_output_only,Non-default name from ghidra_psx_ldr auto-analysis (PsyQ Signatures analyzer or GTE macro segment); not independently reviewed.,1,1,main,
0x8002eaec,20,S_SAV_OBJ_200,,USER_DEFINED,library_signature,decompiler_output_only,Non-default name from ghidra_psx_ldr auto-analysis (PsyQ Signatures analyzer or GTE macro segment); not independently reviewed.,0,1,main,
0x8002eb90,8,S_SAV_OBJ_2A4,,USER_DEFINED,library_signature,decompiler_output_only,Non-default name from ghidra_psx_ldr auto-analysis (PsyQ Signatures analyzer or GTE macro segment); not independently reviewed.,0,0,main,
0x8002eb98,8,S_SAV_OBJ_2AC,,USER_DEFINED,library_signature,decompiler_output_only,Non-default name from ghidra_psx_ldr auto-analysis (PsyQ Signatures analyzer or GTE macro segment); not independently reviewed.,2,0,main,
0x8002eba0,8,S_SAV_OBJ_2B4,,USER_DEFINED,library_signature,decompiler_output_only,Non-default name from ghidra_psx_ldr auto-analysis (PsyQ Signatures analyzer or GTE macro segment); not independently reviewed.,1,0,main,
0x8002ebac,156,SpuClearReverbWorkArea,,IMPORTED,library_signature,decompiler_output_only,Non-default name from ghidra_psx_ldr auto-analysis (PsyQ Signatures analyzer or GTE macro segment); not independently reviewed.,4,3,main,
0x8002ec48,212,S_CRWA_OBJ_9C,,USER_DEFINED,library_signature,decompiler_output_only,Non-default name from ghidra_psx_ldr auto-analysis (PsyQ Signatures analyzer or GTE macro segment); not independently reviewed.,1,2,main,
0x8002ed1c,36,S_CRWA_OBJ_170,,USER_DEFINED,library_signature,decompiler_output_only,Non-default name from ghidra_psx_ldr auto-analysis (PsyQ Signatures analyzer or GTE macro segment); not independently reviewed.,1,0,main,
0x8002ed4c,244,SpuSetIRQ,,IMPORTED,library_signature,decompiler_output_only,Non-default name from ghidra_psx_ldr auto-analysis (PsyQ Signatures analyzer or GTE macro segment); not independently reviewed.,3,1,main,
0x8002ee40,16,S_SI_OBJ_F4,,USER_DEFINED,library_signature,decompiler_output_only,Non-default name from ghidra_psx_ldr auto-analysis (PsyQ Signatures analyzer or GTE macro segment); not independently reviewed.,1,2,main,
0x8002ee78,16,S_SI_OBJ_12C,,USER_DEFINED,library_signature,decompiler_output_only,Non-default name from ghidra_psx_ldr auto-analysis (PsyQ Signatures analyzer or GTE macro segment); not independently reviewed.,1,0,main,
0x8002ee8c,32,FUN_8002ee8c,,DEFAULT,unverified,decompiler_output_only,,2,0,main,
0x8002eeac,48,SpuSetIRQAddr,,IMPORTED,library_signature,decompiler_output_only,Non-default name from ghidra_psx_ldr auto-analysis (PsyQ Signatures analyzer or GTE macro segment); not independently reviewed.,2,2,main,
0x8002eedc,16,S_SIA_OBJ_30,,USER_DEFINED,library_signature,decompiler_output_only,Non-default name from ghidra_psx_ldr auto-analysis (PsyQ Signatures analyzer or GTE macro segment); not independently reviewed.,1,0,main,
0x8002eeec,60,SpuSetIRQCallback,,IMPORTED,library_signature,decompiler_output_only,Non-default name from ghidra_psx_ldr auto-analysis (PsyQ Signatures analyzer or GTE macro segment); not independently reviewed.,3,1,main,
0x8002ef2c,36,FUN_8002ef2c,,DEFAULT,unverified,decompiler_output_only,,1,1,main,
0x8002ef5c,428,SpuSetKey,,IMPORTED,library_signature,decompiler_output_only,Non-default name from ghidra_psx_ldr auto-analysis (PsyQ Signatures analyzer or GTE macro segment); not independently reviewed.,7,2,main,
0x8002f108,8,S_SK_OBJ_1AC,,USER_DEFINED,library_signature,decompiler_output_only,Non-default name from ghidra_psx_ldr auto-analysis (PsyQ Signatures analyzer or GTE macro segment); not independently reviewed.,1,0,main,
0x8002f110,8,S_SK_OBJ_1B4,,USER_DEFINED,library_signature,decompiler_output_only,Non-default name from ghidra_psx_ldr auto-analysis (PsyQ Signatures analyzer or GTE macro segment); not independently reviewed.,1,0,main,
0x8002f11c,44,SpuGetKeyStatus,,IMPORTED,library_signature,decompiler_output_only,Non-default name from ghidra_psx_ldr auto-analysis (PsyQ Signatures analyzer or GTE macro segment); not independently reviewed.,2,0,main,
0x8002f148,84,S_GKS_OBJ_2C,,USER_DEFINED,library_signature,decompiler_output_only,Non-default name from ghidra_psx_ldr auto-analysis (PsyQ Signatures analyzer or GTE macro segment); not independently reviewed.,0,1,main,
0x8002f1a4,8,S_GKS_OBJ_88,,USER_DEFINED,library_signature,decompiler_output_only,Non-default name from ghidra_psx_ldr auto-analysis (PsyQ Signatures analyzer or GTE macro segment); not independently reviewed.,1,0,main,
0x8002f1ac,92,SpuRead,,IMPORTED,library_signature,decompiler_output_only,Non-default name from ghidra_psx_ldr auto-analysis (PsyQ Signatures analyzer or GTE macro segment); not independently reviewed.,4,1,main,
0x8002f20c,76,SpuSetTransferStartAddr,,IMPORTED,library_signature,decompiler_output_only,Non-default name from ghidra_psx_ldr auto-analysis (PsyQ Signatures analyzer or GTE macro segment); not independently reviewed.,5,2,main,
0x8002f258,16,S_STSA_OBJ_4C,,USER_DEFINED,library_signature,decompiler_output_only,Non-default name from ghidra_psx_ldr auto-analysis (PsyQ Signatures analyzer or GTE macro segment); not independently reviewed.,1,0,main,
0x8002f26c,28,SpuSetTransferMode,,IMPORTED,library_signature,decompiler_output_only,Non-default name from ghidra_psx_ldr auto-analysis (PsyQ Signatures analyzer or GTE macro segment); not independently reviewed.,4,1,main,
0x8002f288,20,S_STM_OBJ_1C,,USER_DEFINED,library_signature,decompiler_output_only,Non-default name from ghidra_psx_ldr auto-analysis (PsyQ Signatures analyzer or GTE macro segment); not independently reviewed.,1,0,main,
0x8002f29c,36,FUN_8002f29c,,DEFAULT,unverified,decompiler_output_only,,6,0,main,
0x8002f2cc,184,SpuRGetAllKeysStatus,,USER_DEFINED,library_signature,decompiler_output_only,Non-default name from ghidra_psx_ldr auto-analysis (PsyQ Signatures analyzer or GTE macro segment); not independently reviewed.,0,2,main,
0x8002f384,20,SR_GAKS_OBJ_B8,,USER_DEFINED,library_signature,decompiler_output_only,Non-default name from ghidra_psx_ldr auto-analysis (PsyQ Signatures analyzer or GTE macro segment); not independently reviewed.,1,0,main,
0x8002f398,8,SR_GAKS_OBJ_CC,,USER_DEFINED,library_signature,decompiler_output_only,Non-default name from ghidra_psx_ldr auto-analysis (PsyQ Signatures analyzer or GTE macro segment); not independently reviewed.,1,0,main,
0x8002f3a0,112,SpuGetAllKeysStatus,,IMPORTED,library_signature,decompiler_output_only,Non-default name from ghidra_psx_ldr auto-analysis (PsyQ Signatures analyzer or GTE macro segment); not independently reviewed.,1,1,main,
0x8002f410,24,SR_GAKS_OBJ_144,,USER_DEFINED,library_signature,decompiler_output_only,Non-default name from ghidra_psx_ldr auto-analysis (PsyQ Signatures analyzer or GTE macro segment); not independently reviewed.,1,0,main,
0x8002f42c,316,SpuSetVoiceAttr,,IMPORTED,library_signature,decompiler_output_only,Non-default name from ghidra_psx_ldr auto-analysis (PsyQ Signatures analyzer or GTE macro segment); not independently reviewed.,10,1,main,
0x8002f568,8,S_SVA_OBJ_13C,,USER_DEFINED,library_signature,decompiler_output_only,Non-default name from ghidra_psx_ldr auto-analysis (PsyQ Signatures analyzer or GTE macro segment); not independently reviewed.,0,0,main,
0x8002f570,8,S_SVA_OBJ_144,,USER_DEFINED,library_signature,decompiler_output_only,Non-default name from ghidra_psx_ldr auto-analysis (PsyQ Signatures analyzer or GTE macro segment); not independently reviewed.,0,0,main,
0x8002f578,8,S_SVA_OBJ_14C,,USER_DEFINED,library_signature,decompiler_output_only,Non-default name from ghidra_psx_ldr auto-analysis (PsyQ Signatures analyzer or GTE macro segment); not independently reviewed.,0,0,main,
0x8002f580,8,S_SVA_OBJ_154,,USER_DEFINED,library_signature,decompiler_output_only,Non-default name from ghidra_psx_ldr auto-analysis (PsyQ Signatures analyzer or GTE macro segment); not independently reviewed.,0,0,main,
0x8002f588,8,S_SVA_OBJ_15C,,USER_DEFINED,library_signature,decompiler_output_only,Non-default name from ghidra_psx_ldr auto-analysis (PsyQ Signatures analyzer or GTE macro segment); not independently reviewed.,0,0,main,
0x8002f590,8,S_SVA_OBJ_164,,USER_DEFINED,library_signature,decompiler_output_only,Non-default name from ghidra_psx_ldr auto-analysis (PsyQ Signatures analyzer or GTE macro segment); not independently reviewed.,0,0,main,
0x8002f598,4,S_SVA_OBJ_16C,,USER_DEFINED,library_signature,decompiler_output_only,Non-default name from ghidra_psx_ldr auto-analysis (PsyQ Signatures analyzer or GTE macro segment); not independently reviewed.,0,0,main,
0x8002f59c,48,S_SVA_OBJ_170,,USER_DEFINED,library_signature,decompiler_output_only,Non-default name from ghidra_psx_ldr auto-analysis (PsyQ Signatures analyzer or GTE macro segment); not independently reviewed.,0,1,main,
0x8002f5cc,124,S_SVA_OBJ_1A0,,USER_DEFINED,library_signature,decompiler_output_only,Non-default name from ghidra_psx_ldr auto-analysis (PsyQ Signatures analyzer or GTE macro segment); not independently reviewed.,1,0,main,
0x8002f648,8,S_SVA_OBJ_21C,,USER_DEFINED,library_signature,decompiler_output_only,Non-default name from ghidra_psx_ldr auto-analysis (PsyQ Signatures analyzer or GTE macro segment); not independently reviewed.,0,0,main,
0x8002f650,8,S_SVA_OBJ_224,,USER_DEFINED,library_signature,decompiler_output_only,Non-default name from ghidra_psx_ldr auto-analysis (PsyQ Signatures analyzer or GTE macro segment); not independently reviewed.,0,0,main,
0x8002f658,8,S_SVA_OBJ_22C,,USER_DEFINED,library_signature,decompiler_output_only,Non-default name from ghidra_psx_ldr auto-analysis (PsyQ Signatures analyzer or GTE macro segment); not independently reviewed.,0,0,main,
0x8002f660,8,S_SVA_OBJ_234,,USER_DEFINED,library_signature,decompiler_output_only,Non-default name from ghidra_psx_ldr auto-analysis (PsyQ Signatures analyzer or GTE macro segment); not independently reviewed.,0,0,main,
0x8002f668,8,S_SVA_OBJ_23C,,USER_DEFINED,library_signature,decompiler_output_only,Non-default name from ghidra_psx_ldr auto-analysis (PsyQ Signatures analyzer or GTE macro segment); not independently reviewed.,0,0,main,
0x8002f670,8,S_SVA_OBJ_244,,USER_DEFINED,library_signature,decompiler_output_only,Non-default name from ghidra_psx_ldr auto-analysis (PsyQ Signatures analyzer or GTE macro segment); not independently reviewed.,0,0,main,
0x8002f678,4,S_SVA_OBJ_24C,,USER_DEFINED,library_signature,decompiler_output_only,Non-default name from ghidra_psx_ldr auto-analysis (PsyQ Signatures analyzer or GTE macro segment); not independently reviewed.,0,0,main,
0x8002f67c,48,S_SVA_OBJ_250,,USER_DEFINED,library_signature,decompiler_output_only,Non-default name from ghidra_psx_ldr auto-analysis (PsyQ Signatures analyzer or GTE macro segment); not independently reviewed.,0,1,main,
0x8002f6ac,512,S_SVA_OBJ_280,,USER_DEFINED,library_signature,decompiler_output_only,Non-default name from ghidra_psx_ldr auto-analysis (PsyQ Signatures analyzer or GTE macro segment); not independently reviewed.,1,2,main,
0x8002f8ac,320,S_SVA_OBJ_480,,USER_DEFINED,library_signature,decompiler_output_only,Non-default name from ghidra_psx_ldr auto-analysis (PsyQ Signatures analyzer or GTE macro segment); not independently reviewed.,1,1,main,
0x8002f9ec,56,S_SVA_OBJ_5C0,,USER_DEFINED,library_signature,decompiler_output_only,Non-default name from ghidra_psx_ldr auto-analysis (PsyQ Signatures analyzer or GTE macro segment); not independently reviewed.,1,0,main,
0x8002fa2c,200,_spu_note2pitch,,IMPORTED,library_signature,decompiler_output_only,Non-default name from ghidra_psx_ldr auto-analysis (PsyQ Signatures analyzer or GTE macro segment); not independently reviewed.,1,1,main,
0x8002faf4,8,S_N2P_OBJ_C8,,USER_DEFINED,library_signature,decompiler_output_only,Non-default name from ghidra_psx_ldr auto-analysis (PsyQ Signatures analyzer or GTE macro segment); not independently reviewed.,1,0,main,
0x8002fafc,136,_spu_pitch2note,,USER_DEFINED,library_signature,decompiler_output_only,Non-default name from ghidra_psx_ldr auto-analysis (PsyQ Signatures analyzer or GTE macro segment); not independently reviewed.,0,1,main,
0x8002fb84,104,S_N2P_OBJ_158,,USER_DEFINED,library_signature,decompiler_output_only,Non-default name from ghidra_psx_ldr auto-analysis (PsyQ Signatures analyzer or GTE macro segment); not independently reviewed.,1,1,main,
0x8002fbec,64,S_N2P_OBJ_1C0,,USER_DEFINED,library_signature,decompiler_output_only,Non-default name from ghidra_psx_ldr auto-analysis (PsyQ Signatures analyzer or GTE macro segment); not independently reviewed.,1,0,main,
0x8002fc2c,136,SsEnd,,USER_DEFINED,library_signature,decompiler_output_only,Non-default name from ghidra_psx_ldr auto-analysis (PsyQ Signatures analyzer or GTE macro segment); not independently reviewed.,0,4,main,
0x8002fcb4,36,SSEND_OBJ_88,,USER_DEFINED,library_signature,decompiler_output_only,Non-default name from ghidra_psx_ldr auto-analysis (PsyQ Signatures analyzer or GTE macro segment); not independently reviewed.,1,1,main,
0x8002fcdc,56,FUN_8002fcdc,,DEFAULT,unverified,decompiler_output_only,,1,4,main,
0x8002fd1c,32,SsUtReverbOff,,IMPORTED,library_signature,decompiler_output_only,Non-default name from ghidra_psx_ldr auto-analysis (PsyQ Signatures analyzer or GTE macro segment); not independently reviewed.,1,1,main,
0x8002fd3c,160,_SsInit,,IMPORTED,library_signature,decompiler_output_only,Non-default name from ghidra_psx_ldr auto-analysis (PsyQ Signatures analyzer or GTE macro segment); not independently reviewed.,1,1,main,
0x8002fe7c,192,SsSetSerialAttr,,IMPORTED,library_signature,decompiler_output_only,Non-default name from ghidra_psx_ldr auto-analysis (PsyQ Signatures analyzer or GTE macro segment); not independently reviewed.,4,1,main,
0x8002ff3c,88,SpuSetCommonAttr,,IMPORTED,library_signature,decompiler_output_only,Non-default name from ghidra_psx_ldr auto-analysis (PsyQ Signatures analyzer or GTE macro segment); not independently reviewed.,3,0,main,
0x8002ff94,8,S_SCA_OBJ_58,,USER_DEFINED,library_signature,decompiler_output_only,Non-default name from ghidra_psx_ldr auto-analysis (PsyQ Signatures analyzer or GTE macro segment); not independently reviewed.,0,0,main,
0x8002ff9c,8,S_SCA_OBJ_60,,USER_DEFINED,library_signature,decompiler_output_only,Non-default name from ghidra_psx_ldr auto-analysis (PsyQ Signatures analyzer or GTE macro segment); not independently reviewed.,0,0,main,
0x8002ffa4,8,S_SCA_OBJ_68,,USER_DEFINED,library_signature,decompiler_output_only,Non-default name from ghidra_psx_ldr auto-analysis (PsyQ Signatures analyzer or GTE macro segment); not independently reviewed.,0,0,main,
0x8002ffac,8,S_SCA_OBJ_70,,USER_DEFINED,library_signature,decompiler_output_only,Non-default name from ghidra_psx_ldr auto-analysis (PsyQ Signatures analyzer or GTE macro segment); not independently reviewed.,0,0,main,
0x8002ffb4,8,S_SCA_OBJ_78,,USER_DEFINED,library_signature,decompiler_output_only,Non-default name from ghidra_psx_ldr auto-analysis (PsyQ Signatures analyzer or GTE macro segment); not independently reviewed.,0,0,main,
0x8002ffbc,8,S_SCA_OBJ_80,,USER_DEFINED,library_signature,decompiler_output_only,Non-default name from ghidra_psx_ldr auto-analysis (PsyQ Signatures analyzer or GTE macro segment); not independently reviewed.,0,0,main,
0x8002ffc4,8,S_SCA_OBJ_88,,USER_DEFINED,library_signature,decompiler_output_only,Non-default name from ghidra_psx_ldr auto-analysis (PsyQ Signatures analyzer or GTE macro segment); not independently reviewed.,0,0,main,
0x8002ffcc,8,S_SCA_OBJ_90,,USER_DEFINED,library_signature,decompiler_output_only,Non-default name from ghidra_psx_ldr auto-analysis (PsyQ Signatures analyzer or GTE macro segment); not independently reviewed.,0,0,main,
0x8002ffd4,128,S_SCA_OBJ_98,,USER_DEFINED,library_signature,decompiler_output_only,Non-default name from ghidra_psx_ldr auto-analysis (PsyQ Signatures analyzer or GTE macro segment); not independently reviewed.,0,0,main,
0x80030054,8,S_SCA_OBJ_118,,USER_DEFINED,library_signature,decompiler_output_only,Non-default name from ghidra_psx_ldr auto-analysis (PsyQ Signatures analyzer or GTE macro segment); not independently reviewed.,0,0,main,
0x8003005c,8,S_SCA_OBJ_120,,USER_DEFINED,library_signature,decompiler_output_only,Non-default name from ghidra_psx_ldr auto-analysis (PsyQ Signatures analyzer or GTE macro segment); not independently reviewed.,0,0,main,
0x80030064,8,S_SCA_OBJ_128,,USER_DEFINED,library_signature,decompiler_output_only,Non-default name from ghidra_psx_ldr auto-analysis (PsyQ Signatures analyzer or GTE macro segment); not independently reviewed.,0,0,main,
0x8003006c,8,S_SCA_OBJ_130,,USER_DEFINED,library_signature,decompiler_output_only,Non-default name from ghidra_psx_ldr auto-analysis (PsyQ Signatures analyzer or GTE macro segment); not independently reviewed.,0,0,main,
0x80030074,8,S_SCA_OBJ_138,,USER_DEFINED,library_signature,decompiler_output_only,Non-default name from ghidra_psx_ldr auto-analysis (PsyQ Signatures analyzer or GTE macro segment); not independently reviewed.,0,0,main,
0x8003007c,8,S_SCA_OBJ_140,,USER_DEFINED,library_signature,decompiler_output_only,Non-default name from ghidra_psx_ldr auto-analysis (PsyQ Signatures analyzer or GTE macro segment); not independently reviewed.,0,0,main,
0x80030084,8,S_SCA_OBJ_148,,USER_DEFINED,library_signature,decompiler_output_only,Non-default name from ghidra_psx_ldr auto-analysis (PsyQ Signatures analyzer or GTE macro segment); not independently reviewed.,0,0,main,
0x8003008c,8,S_SCA_OBJ_150,,USER_DEFINED,library_signature,decompiler_output_only,Non-default name from ghidra_psx_ldr auto-analysis (PsyQ Signatures analyzer or GTE macro segment); not independently reviewed.,0,0,main,
0x80030094,284,S_SCA_OBJ_158,,USER_DEFINED,library_signature,decompiler_output_only,Non-default name from ghidra_psx_ldr auto-analysis (PsyQ Signatures analyzer or GTE macro segment); not independently reviewed.,0,1,main,
0x800301b0,84,S_SCA_OBJ_274,,USER_DEFINED,library_signature,decompiler_output_only,Non-default name from ghidra_psx_ldr auto-analysis (PsyQ Signatures analyzer or GTE macro segment); not independently reviewed.,1,1,main,
0x80030204,84,S_SCA_OBJ_2C8,,USER_DEFINED,library_signature,decompiler_output_only,Non-default name from ghidra_psx_ldr auto-analysis (PsyQ Signatures analyzer or GTE macro segment); not independently reviewed.,1,1,main,
0x80030258,84,S_SCA_OBJ_31C,,USER_DEFINED,library_signature,decompiler_output_only,Non-default name from ghidra_psx_ldr auto-analysis (PsyQ Signatures analyzer or GTE macro segment); not independently reviewed.,1,1,main,
0x800302ac,12,S_SCA_OBJ_370,,USER_DEFINED,library_signature,decompiler_output_only,Non-default name from ghidra_psx_ldr auto-analysis (PsyQ Signatures analyzer or GTE macro segment); not independently reviewed.,1,0,main,
0x800302bc,80,SsSetMVol,,IMPORTED,library_signature,decompiler_output_only,Non-default name from ghidra_psx_ldr auto-analysis (PsyQ Signatures analyzer or GTE macro segment); not independently reviewed.,1,1,main,
0x8003030c,192,SSSTART_OBJ_0,,IMPORTED,library_signature,decompiler_output_only,Non-default name from ghidra_psx_ldr auto-analysis (PsyQ Signatures analyzer or GTE macro segment); not independently reviewed.,2,3,main,
0x800303cc,176,SSSTART_OBJ_C0,,USER_DEFINED,library_signature,decompiler_output_only,Non-default name from ghidra_psx_ldr auto-analysis (PsyQ Signatures analyzer or GTE macro segment); not independently reviewed.,1,1,main,
0x8003047c,152,SSSTART_OBJ_170,,USER_DEFINED,library_signature,decompiler_output_only,Non-default name from ghidra_psx_ldr auto-analysis (PsyQ Signatures analyzer or GTE macro segment); not independently reviewed.,2,7,main,
0x80030514,8,SSSTART_OBJ_208,,USER_DEFINED,library_signature,decompiler_output_only,Non-default name from ghidra_psx_ldr auto-analysis (PsyQ Signatures analyzer or GTE macro segment); not independently reviewed.,1,1,main,
0x8003051c,8,SSSTART_OBJ_210,,USER_DEFINED,library_signature,decompiler_output_only,Non-default name from ghidra_psx_ldr auto-analysis (PsyQ Signatures analyzer or GTE macro segment); not independently reviewed.,1,1,main,
0x80030524,24,SSSTART_OBJ_218,,USER_DEFINED,library_signature,decompiler_output_only,Non-default name from ghidra_psx_ldr auto-analysis (PsyQ Signatures analyzer or GTE macro segment); not independently reviewed.,1,0,main,
0x8003053c,32,SsStart,,IMPORTED,library_signature,decompiler_output_only,Non-default name from ghidra_psx_ldr auto-analysis (PsyQ Signatures analyzer or GTE macro segment); not independently reviewed.,1,1,main,
0x8003055c,32,SsStart2,,USER_DEFINED,library_signature,decompiler_output_only,Non-default name from ghidra_psx_ldr auto-analysis (PsyQ Signatures analyzer or GTE macro segment); not independently reviewed.,0,1,main,
0x8003057c,76,SSSTART_OBJ_270,,USER_DEFINED,library_signature,decompiler_output_only,Non-default name from ghidra_psx_ldr auto-analysis (PsyQ Signatures analyzer or GTE macro segment); not independently reviewed.,0,1,main,
0x800305c8,56,SSSTART_OBJ_2BC,,USER_DEFINED,library_signature,decompiler_output_only,Non-default name from ghidra_psx_ldr auto-analysis (PsyQ Signatures analyzer or GTE macro segment); not independently reviewed.,0,2,main,
0x80030600,16,SSSTART_OBJ_2F4,,USER_DEFINED,library_signature,decompiler_output_only,Non-default name from ghidra_psx_ldr auto-analysis (PsyQ Signatures analyzer or GTE macro segment); not independently reviewed.,1,0,main,
0x8003061c,624,SsSeqCalledTbyT,,USER_DEFINED,library_signature,decompiler_output_only,Non-default name from ghidra_psx_ldr auto-analysis (PsyQ Signatures analyzer or GTE macro segment); not independently reviewed.,2,7,main,
0x8003088c,440,_SsSndCrescendo,,USER_DEFINED,library_signature,decompiler_output_only,Non-default name from ghidra_psx_ldr auto-analysis (PsyQ Signatures analyzer or GTE macro segment); not independently reviewed.,1,3,main,
0x80030a44,80,CRES_OBJ_1B8,,USER_DEFINED,library_signature,decompiler_output_only,Non-default name from ghidra_psx_ldr auto-analysis (PsyQ Signatures analyzer or GTE macro segment); not independently reviewed.,1,1,main,
0x80030a9c,152,_SsSndPause,,USER_DEFINED,library_signature,decompiler_output_only,Non-default name from ghidra_psx_ldr auto-analysis (PsyQ Signatures analyzer or GTE macro segment); not independently reviewed.,1,1,main,
0x80030b3c,44,_SsSndPlay,,USER_DEFINED,library_signature,decompiler_output_only,Non-default name from ghidra_psx_ldr auto-analysis (PsyQ Signatures analyzer or GTE macro segment); not independently reviewed.,1,1,main,
0x80030b6c,220,_SsSeqPlay,,USER_DEFINED,library_signature,decompiler_output_only,Non-default name from ghidra_psx_ldr auto-analysis (PsyQ Signatures analyzer or GTE macro segment); not independently reviewed.,1,3,main,
0x80030c48,4,MIDIREAD_OBJ_DC,,USER_DEFINED,library_signature,decompiler_output_only,Non-default name from ghidra_psx_ldr auto-analysis (PsyQ Signatures analyzer or GTE macro segment); not independently reviewed.,1,0,main,
0x80030c4c,28,MIDIREAD_OBJ_E0,,USER_DEFINED,library_signature,decompiler_output_only,Non-default name from ghidra_psx_ldr auto-analysis (PsyQ Signatures analyzer or GTE macro segment); not independently reviewed.,1,0,main,
0x80030c68,264,_SsSeqGetEof,,USER_DEFINED,library_signature,decompiler_output_only,Non-default name from ghidra_psx_ldr auto-analysis (PsyQ Signatures analyzer or GTE macro segment); not independently reviewed.,1,2,main,
0x80030d70,8,MIDIREAD_OBJ_204,,USER_DEFINED,library_signature,decompiler_output_only,Non-default name from ghidra_psx_ldr auto-analysis (PsyQ Signatures analyzer or GTE macro segment); not independently reviewed.,1,0,main,
0x80030e40,84,MIDIREAD_OBJ_2D4,,USER_DEFINED,library_signature,decompiler_output_only,Non-default name from ghidra_psx_ldr auto-analysis (PsyQ Signatures analyzer or GTE macro segment); not independently reviewed.,0,2,main,
0x80030e94,24,MIDIREAD_OBJ_328,,USER_DEFINED,library_signature,decompiler_output_only,Non-default name from ghidra_psx_ldr auto-analysis (PsyQ Signatures analyzer or GTE macro segment); not independently reviewed.,1,0,main,
0x80030eac,696,_SsGetSeqData,,USER_DEFINED,library_signature,decompiler_output_only,Non-default name from ghidra_psx_ldr auto-analysis (PsyQ Signatures analyzer or GTE macro segment); not independently reviewed.,1,7,main,
0x80031164,16,MIDIREAD_OBJ_5F8,,USER_DEFINED,library_signature,decompiler_output_only,Non-default name from ghidra_psx_ldr auto-analysis (PsyQ Signatures analyzer or GTE macro segment); not independently reviewed.,1,1,main,
0x800311c0,28,MIDIREAD_OBJ_654,,USER_DEFINED,library_signature,decompiler_output_only,Non-default name from ghidra_psx_ldr auto-analysis (PsyQ Signatures analyzer or GTE macro segment); not independently reviewed.,1,1,main,
0x80031214,20,MIDIREAD_OBJ_6A8,,USER_DEFINED,library_signature,decompiler_output_only,Non-default name from ghidra_psx_ldr auto-analysis (PsyQ Signatures analyzer or GTE macro segment); not independently reviewed.,1,0,main,
0x80031228,12,MIDIREAD_OBJ_6BC,,USER_DEFINED,library_signature,decompiler_output_only,Non-default name from ghidra_psx_ldr auto-analysis (PsyQ Signatures analyzer or GTE macro segment); not independently reviewed.,1,0,main,
0x80031234,36,MIDIREAD_OBJ_6C8,,USER_DEFINED,library_signature,decompiler_output_only,Non-default name from ghidra_psx_ldr auto-analysis (PsyQ Signatures analyzer or GTE macro segment); not independently reviewed.,3,0,main,
0x8003125c,164,_SsReadDeltaValue,,USER_DEFINED,library_signature,decompiler_output_only,Non-default name from ghidra_psx_ldr auto-analysis (PsyQ Signatures analyzer or GTE macro segment); not independently reviewed.,1,0,main,
0x8003130c,252,_SsSndNextSep,,USER_DEFINED,library_signature,decompiler_output_only,Non-default name from ghidra_psx_ldr auto-analysis (PsyQ Signatures analyzer or GTE macro segment); not independently reviewed.,1,0,main,
0x8003140c,96,_SsSndReplay,,USER_DEFINED,library_signature,decompiler_output_only,Non-default name from ghidra_psx_ldr auto-analysis (PsyQ Signatures analyzer or GTE macro segment); not independently reviewed.,1,0,main,
0x8003146c,384,_SsSndStop,,USER_DEFINED,library_signature,decompiler_output_only,Non-default name from ghidra_psx_ldr auto-analysis (PsyQ Signatures analyzer or GTE macro segment); not independently reviewed.,3,2,main,
0x800315ec,40,SsSeqStop,,USER_DEFINED,library_signature,decompiler_output_only,Non-default name from ghidra_psx_ldr auto-analysis (PsyQ Signatures analyzer or GTE macro segment); not independently reviewed.,0,1,main,
0x80031614,44,SsSepStop,,USER_DEFINED,library_signature,decompiler_output_only,Non-default name from ghidra_psx_ldr auto-analysis (PsyQ Signatures analyzer or GTE macro segment); not independently reviewed.,0,1,main,
0x8003164c,260,SsSetSerialVol,,IMPORTED,library_signature,decompiler_output_only,Non-default name from ghidra_psx_ldr auto-analysis (PsyQ Signatures analyzer or GTE macro segment); not independently reviewed.,1,1,main,
0x8003175c,536,SsSetTableSize,,IMPORTED,library_signature,decompiler_output_only,Non-default name from ghidra_psx_ldr auto-analysis (PsyQ Signatures analyzer or GTE macro segment); not independently reviewed.,1,0,main,
0x8003197c,76,SsSetTickMode,,IMPORTED,library_signature,decompiler_output_only,Non-default name from ghidra_psx_ldr auto-analysis (PsyQ Signatures analyzer or GTE macro segment); not independently reviewed.,1,2,main,
0x800319c8,56,SSTICK_OBJ_4C,,USER_DEFINED,library_signature,decompiler_output_only,Non-default name from ghidra_psx_ldr auto-analysis (PsyQ Signatures analyzer or GTE macro segment); not independently reviewed.,1,0,main,
0x80031a00,36,SSTICK_OBJ_84,,USER_DEFINED,library_signature,decompiler_output_only,Non-default name from ghidra_psx_ldr auto-analysis (PsyQ Signatures analyzer or GTE macro segment); not independently reviewed.,0,1,main,
0x80031a24,32,SSTICK_OBJ_A8,,USER_DEFINED,library_signature,decompiler_output_only,Non-default name from ghidra_psx_ldr auto-analysis (PsyQ Signatures analyzer or GTE macro segment); not independently reviewed.,0,1,main,
0x80031a44,16,SSTICK_OBJ_C8,,USER_DEFINED,library_signature,decompiler_output_only,Non-default name from ghidra_psx_ldr auto-analysis (PsyQ Signatures analyzer or GTE macro segment); not independently reviewed.,0,1,main,
0x80031a54,16,SSTICK_OBJ_D8,,USER_DEFINED,library_signature,decompiler_output_only,Non-default name from ghidra_psx_ldr auto-analysis (PsyQ Signatures analyzer or GTE macro segment); not independently reviewed.,0,1,main,
0x80031a64,24,SSTICK_OBJ_E8,,USER_DEFINED,library_signature,decompiler_output_only,Non-default name from ghidra_psx_ldr auto-analysis (PsyQ Signatures analyzer or GTE macro segment); not independently reviewed.,0,1,main,
0x80031a7c,36,SSTICK_OBJ_100,,USER_DEFINED,library_signature,decompiler_output_only,Non-default name from ghidra_psx_ldr auto-analysis (PsyQ Signatures analyzer or GTE macro segment); not independently reviewed.,0,1,main,
0x80031aa0,12,SSTICK_OBJ_124,,USER_DEFINED,library_signature,decompiler_output_only,Non-default name from ghidra_psx_ldr auto-analysis (PsyQ Signatures analyzer or GTE macro segment); not independently reviewed.,1,1,main,
0x80031ab4,16,SSTICK_OBJ_138,,USER_DEFINED,library_signature,decompiler_output_only,Non-default name from ghidra_psx_ldr auto-analysis (PsyQ Signatures analyzer or GTE macro segment); not independently reviewed.,6,0,main,
0x80031acc,292,_SsSndTempo,,USER_DEFINED,library_signature,decompiler_output_only,Non-default name from ghidra_psx_ldr auto-analysis (PsyQ Signatures analyzer or GTE macro segment); not independently reviewed.,1,3,main,
0x80031bf0,12,TEMPO_OBJ_124,,USER_DEFINED,library_signature,decompiler_output_only,Non-default name from ghidra_psx_ldr auto-analysis (PsyQ Signatures analyzer or GTE macro segment); not independently reviewed.,1,0,main,
0x80031bfc,212,TEMPO_OBJ_130,,USER_DEFINED,library_signature,decompiler_output_only,Non-default name from ghidra_psx_ldr auto-analysis (PsyQ Signatures analyzer or GTE macro segment); not independently reviewed.,1,0,main,
0x80031cd0,24,TEMPO_OBJ_204,,USER_DEFINED,library_signature,decompiler_output_only,Non-default name from ghidra_psx_ldr auto-analysis (PsyQ Signatures analyzer or GTE macro segment); not independently reviewed.,1,0,main,
0x80031cec,340,SsUtKeyOnV,,IMPORTED,library_signature,decompiler_output_only,Non-default name from ghidra_psx_ldr auto-analysis (PsyQ Signatures analyzer or GTE macro segment); not independently reviewed.,1,4,main,
0x80031e40,4,UT_KEYV_OBJ_154,,USER_DEFINED,library_signature,decompiler_output_only,Non-default name from ghidra_psx_ldr auto-analysis (PsyQ Signatures analyzer or GTE macro segment); not independently reviewed.,1,0,main,
0x80031e44,452,UT_KEYV_OBJ_158,,USER_DEFINED,library_signature,decompiler_output_only,Non-default name from ghidra_psx_ldr auto-analysis (PsyQ Signatures analyzer or GTE macro segment); not independently reviewed.,1,6,main,
0x80032008,16,UT_KEYV_OBJ_31C,,USER_DEFINED,library_signature,decompiler_output_only,Non-default name from ghidra_psx_ldr auto-analysis (PsyQ Signatures analyzer or GTE macro segment); not independently reviewed.,1,0,main,
0x80032018,48,UT_KEYV_OBJ_32C,,USER_DEFINED,library_signature,decompiler_output_only,Non-default name from ghidra_psx_ldr auto-analysis (PsyQ Signatures analyzer or GTE macro segment); not independently reviewed.,2,0,main,
0x80032048,100,SsUtKeyOffV,,IMPORTED,library_signature,decompiler_output_only,Non-default name from ghidra_psx_ldr auto-analysis (PsyQ Signatures analyzer or GTE macro segment); not independently reviewed.,3,2,main,
0x800320ac,16,UT_KEYV_OBJ_3C0,,USER_DEFINED,library_signature,decompiler_output_only,Non-default name from ghidra_psx_ldr auto-analysis (PsyQ Signatures analyzer or GTE macro segment); not independently reviewed.,1,0,main,
0x800320bc,140,SsUtSetReverbDepth,,IMPORTED,library_signature,decompiler_output_only,Non-default name from ghidra_psx_ldr auto-analysis (PsyQ Signatures analyzer or GTE macro segment); not independently reviewed.,2,1,main,
0x8003214c,344,SpuSetReverbModeParam,,IMPORTED,library_signature,decompiler_output_only,Non-default name from ghidra_psx_ldr auto-analysis (PsyQ Signatures analyzer or GTE macro segment); not independently reviewed.,2,4,main,
0x800322a4,16,S_SRMP_OBJ_158,,USER_DEFINED,library_signature,decompiler_output_only,Non-default name from ghidra_psx_ldr auto-analysis (PsyQ Signatures analyzer or GTE macro segment); not independently reviewed.,1,0,main,
0x800322b4,436,S_SRMP_OBJ_168,,USER_DEFINED,library_signature,decompiler_output_only,Non-default name from ghidra_psx_ldr auto-analysis (PsyQ Signatures analyzer or GTE macro segment); not independently reviewed.,1,1,main,
0x80032468,228,S_SRMP_OBJ_31C,,USER_DEFINED,library_signature,decompiler_output_only,Non-default name from ghidra_psx_ldr auto-analysis (PsyQ Signatures analyzer or GTE macro segment); not independently reviewed.,1,2,main,
0x8003254c,36,S_SRMP_OBJ_400,,USER_DEFINED,library_signature,decompiler_output_only,Non-default name from ghidra_psx_ldr auto-analysis (PsyQ Signatures analyzer or GTE macro segment); not independently reviewed.,1,0,main,
0x80032570,128,S_SRMP_OBJ_424,,USER_DEFINED,library_signature,decompiler_output_only,Non-default name from ghidra_psx_ldr auto-analysis (PsyQ Signatures analyzer or GTE macro segment); not independently reviewed.,1,3,main,
0x800325f0,48,S_SRMP_OBJ_4A4,,USER_DEFINED,library_signature,decompiler_output_only,Non-default name from ghidra_psx_ldr auto-analysis (PsyQ Signatures analyzer or GTE macro segment); not independently reviewed.,1,0,main,
0x8003262c,1232,_spu_setReverbAttr,,IMPORTED,library_signature,decompiler_output_only,Non-default name from ghidra_psx_ldr auto-analysis (PsyQ Signatures analyzer or GTE macro segment); not independently reviewed.,1,0,main,
0x80032afc,84,SsUtSetReverbType,,IMPORTED,library_signature,decompiler_output_only,Non-default name from ghidra_psx_ldr auto-analysis (PsyQ Signatures analyzer or GTE macro segment); not independently reviewed.,2,1,main,
0x80032b50,52,UT_REV_OBJ_54,,USER_DEFINED,library_signature,decompiler_output_only,Non-default name from ghidra_psx_ldr auto-analysis (PsyQ Signatures analyzer or GTE macro segment); not independently reviewed.,1,3,main,
0x80032b88,16,UT_REV_OBJ_8C,,USER_DEFINED,library_signature,decompiler_output_only,Non-default name from ghidra_psx_ldr auto-analysis (PsyQ Signatures analyzer or GTE macro segment); not independently reviewed.,1,0,main,
0x80032b98,16,SsUtGetReverbType,,USER_DEFINED,library_signature,decompiler_output_only,Non-default name from ghidra_psx_ldr auto-analysis (PsyQ Signatures analyzer or GTE macro segment); not independently reviewed.,0,0,main,
0x80032bac,32,FUN_80032bac,,DEFAULT,unverified,decompiler_output_only,,2,1,main,
0x80032bcc,232,_SsVmDoAllocate,,IMPORTED,library_signature,decompiler_output_only,Non-default name from ghidra_psx_ldr auto-analysis (PsyQ Signatures analyzer or GTE macro segment); not independently reviewed.,1,1,main,
0x80032cb4,224,VM_ALOC2_OBJ_E8,,USER_DEFINED,library_signature,decompiler_output_only,Non-default name from ghidra_psx_ldr auto-analysis (PsyQ Signatures analyzer or GTE macro segment); not independently reviewed.,1,0,main,
0x80032d9c,12,FUN_80032d9c,,DEFAULT,unverified,decompiler_output_only,,1,0,main,
0x80032dac,1156,_SsVmFlush,,IMPORTED,library_signature,decompiler_output_only,Non-default name from ghidra_psx_ldr auto-analysis (PsyQ Signatures analyzer or GTE macro segment); not independently reviewed.,2,5,main,
0x8003323c,36,FUN_8003323c,,DEFAULT,unverified,decompiler_output_only,,1,1,main,
0x8003326c,28,SpuGetVoiceEnvelope,,IMPORTED,library_signature,decompiler_output_only,Non-default name from ghidra_psx_ldr auto-analysis (PsyQ Signatures analyzer or GTE macro segment); not independently reviewed.,1,0,main,
0x8003328c,252,_SsVmInit,,IMPORTED,library_signature,decompiler_output_only,Non-default name from ghidra_psx_ldr auto-analysis (PsyQ Signatures analyzer or GTE macro segment); not independently reviewed.,1,3,main,
0x80033388,596,VM_INIT_OBJ_FC,,USER_DEFINED,library_signature,decompiler_output_only,Non-default name from ghidra_psx_ldr auto-analysis (PsyQ Signatures analyzer or GTE macro segment); not independently reviewed.,1,3,main,
0x800335dc,40,FUN_800335dc,,DEFAULT,unverified,decompiler_output_only,,7,0,main,
0x80033604,24,FUN_80033604,,DEFAULT,unverified,decompiler_output_only,,2,0,main,
0x8003361c,76,note2pitch,,USER_DEFINED,library_signature,decompiler_output_only,Non-default name from ghidra_psx_ldr auto-analysis (PsyQ Signatures analyzer or GTE macro segment); not independently reviewed.,0,1,main,
0x80033668,104,note2pitch2,,IMPORTED,library_signature,decompiler_output_only,Non-default name from ghidra_psx_ldr auto-analysis (PsyQ Signatures analyzer or GTE macro segment); not independently reviewed.,1,1,main,
0x800336d0,280,SsPitchFromNote,,IMPORTED,library_signature,decompiler_output_only,Non-default name from ghidra_psx_ldr auto-analysis (PsyQ Signatures analyzer or GTE macro segment); not independently reviewed.,2,1,main,
0x800337e8,8,VM_N2P_OBJ_1CC,,USER_DEFINED,library_signature,decompiler_output_only,Non-default name from ghidra_psx_ldr auto-analysis (PsyQ Signatures analyzer or GTE macro segment); not independently reviewed.,1,0,main,
0x800337fc,452,vmNoiseOn,,IMPORTED,library_signature,decompiler_output_only,Non-default name from ghidra_psx_ldr auto-analysis (PsyQ Signatures analyzer or GTE macro segment); not independently reviewed.,1,1,main,
0x800339c0,112,VM_NO1_OBJ_1C4,,USER_DEFINED,library_signature,decompiler_output_only,Non-default name from ghidra_psx_ldr auto-analysis (PsyQ Signatures analyzer or GTE macro segment); not independently reviewed.,1,1,main,
0x80033a30,112,VM_NO1_OBJ_234,,USER_DEFINED,library_signature,decompiler_output_only,Non-default name from ghidra_psx_ldr auto-analysis (PsyQ Signatures analyzer or GTE macro segment); not independently reviewed.,1,1,main,
0x80033aa0,40,VM_NO1_OBJ_2A4,,USER_DEFINED,library_signature,decompiler_output_only,Non-default name from ghidra_psx_ldr auto-analysis (PsyQ Signatures analyzer or GTE macro segment); not independently reviewed.,1,1,main,
0x80033ac8,228,VM_NO1_OBJ_2CC,,USER_DEFINED,library_signature,decompiler_output_only,Non-default name from ghidra_psx_ldr auto-analysis (PsyQ Signatures analyzer or GTE macro segment); not independently reviewed.,1,2,main,
0x80033bac,396,VM_NO1_OBJ_3B0,,USER_DEFINED,library_signature,decompiler_output_only,Non-default name from ghidra_psx_ldr auto-analysis (PsyQ Signatures analyzer or GTE macro segment); not independently reviewed.,1,1,main,
0x80033d38,44,VM_NO1_OBJ_53C,,USER_DEFINED,library_signature,decompiler_output_only,Non-default name from ghidra_psx_ldr auto-analysis (PsyQ Signatures analyzer or GTE macro segment); not independently reviewed.,1,0,main,
0x80033d6c,72,SpuSetNoiseClock,,IMPORTED,library_signature,decompiler_output_only,Non-default name from ghidra_psx_ldr auto-analysis (PsyQ Signatures analyzer or GTE macro segment); not independently reviewed.,1,0,main,
0x80033dbc,52,_SsVmKeyOffNow,,IMPORTED,library_signature,decompiler_output_only,Non-default name from ghidra_psx_ldr auto-analysis (PsyQ Signatures analyzer or GTE macro segment); not independently reviewed.,3,1,main,
0x80033df0,140,VM_NOWOF_OBJ_34,,USER_DEFINED,library_signature,decompiler_output_only,Non-default name from ghidra_psx_ldr auto-analysis (PsyQ Signatures analyzer or GTE macro segment); not independently reviewed.,1,0,main,
0x80033e7c,436,_SsVmKeyOnNow,,IMPORTED,library_signature,decompiler_output_only,Non-default name from ghidra_psx_ldr auto-analysis (PsyQ Signatures analyzer or GTE macro segment); not independently reviewed.,1,1,main,
0x80034030,112,VM_NOWON_OBJ_1B4,,USER_DEFINED,library_signature,decompiler_output_only,Non-default name from ghidra_psx_ldr auto-analysis (PsyQ Signatures analyzer or GTE macro segment); not independently reviewed.,1,1,main,
0x800340a0,112,VM_NOWON_OBJ_224,,USER_DEFINED,library_signature,decompiler_output_only,Non-default name from ghidra_psx_ldr auto-analysis (PsyQ Signatures analyzer or GTE macro segment); not independently reviewed.,1,1,main,
0x80034110,40,VM_NOWON_OBJ_294,,USER_DEFINED,library_signature,decompiler_output_only,Non-default name from ghidra_psx_ldr auto-analysis (PsyQ Signatures analyzer or GTE macro segment); not independently reviewed.,1,1,main,
0x80034138,264,VM_NOWON_OBJ_2BC,,USER_DEFINED,library_signature,decompiler_output_only,Non-default name from ghidra_psx_ldr auto-analysis (PsyQ Signatures analyzer or GTE macro segment); not independently reviewed.,1,1,main,
0x80034240,124,VM_NOWON_OBJ_3C4,,USER_DEFINED,library_signature,decompiler_output_only,Non-default name from ghidra_psx_ldr auto-analysis (PsyQ Signatures analyzer or GTE macro segment); not independently reviewed.,1,1,main,
0x800342bc,136,VM_NOWON_OBJ_440,,USER_DEFINED,library_signature,decompiler_output_only,Non-default name from ghidra_psx_ldr auto-analysis (PsyQ Signatures analyzer or GTE macro segment); not independently reviewed.,1,0,main,
0x8003434c,804,_SsVmSetSeqVol,,USER_DEFINED,library_signature,decompiler_output_only,Non-default name from ghidra_psx_ldr auto-analysis (PsyQ Signatures analyzer or GTE macro segment); not independently reviewed.,1,2,main,
0x80034670,152,VM_SEQ_OBJ_324,,USER_DEFINED,library_signature,decompiler_output_only,Non-default name from ghidra_psx_ldr auto-analysis (PsyQ Signatures analyzer or GTE macro segment); not independently reviewed.,1,1,main,
0x80034708,132,VM_SEQ_OBJ_3BC,,USER_DEFINED,library_signature,decompiler_output_only,Non-default name from ghidra_psx_ldr auto-analysis (PsyQ Signatures analyzer or GTE macro segment); not independently reviewed.,1,1,main,
0x8003478c,48,VM_SEQ_OBJ_440,,USER_DEFINED,library_signature,decompiler_output_only,Non-default name from ghidra_psx_ldr auto-analysis (PsyQ Signatures analyzer or GTE macro segment); not independently reviewed.,1,1,main,
0x800347bc,252,VM_SEQ_OBJ_470,,USER_DEFINED,library_signature,decompiler_output_only,Non-default name from ghidra_psx_ldr auto-analysis (PsyQ Signatures analyzer or GTE macro segment); not independently reviewed.,1,0,main,
0x800348b8,100,_SsVmGetSeqVol,,USER_DEFINED,library_signature,decompiler_output_only,Non-default name from ghidra_psx_ldr auto-analysis (PsyQ Signatures analyzer or GTE macro segment); not independently reviewed.,2,0,main,
0x8003491c,72,_SsVmGetSeqLVol,,USER_DEFINED,library_signature,decompiler_output_only,Non-default name from ghidra_psx_ldr auto-analysis (PsyQ Signatures analyzer or GTE macro segment); not independently reviewed.,0,0,main,
0x80034964,72,_SsVmGetSeqRVol,,USER_DEFINED,library_signature,decompiler_output_only,Non-default name from ghidra_psx_ldr auto-analysis (PsyQ Signatures analyzer or GTE macro segment); not independently reviewed.,0,0,main,
0x800349ac,176,_SsVmSeqKeyOff,,USER_DEFINED,library_signature,decompiler_output_only,Non-default name from ghidra_psx_ldr auto-analysis (PsyQ Signatures analyzer or GTE macro segment); not independently reviewed.,3,1,main,
0x80034a5c,184,_SsVmVSetUp,,IMPORTED,library_signature,decompiler_output_only,Non-default name from ghidra_psx_ldr auto-analysis (PsyQ Signatures analyzer or GTE macro segment); not independently reviewed.,2,1,main,
0x80034b14,8,VM_VSU_OBJ_B8,,USER_DEFINED,library_signature,decompiler_output_only,Non-default name from ghidra_psx_ldr auto-analysis (PsyQ Signatures analyzer or GTE macro segment); not independently reviewed.,1,0,main,
0x80034b1c,12,FUN_80034b1c,,DEFAULT,unverified,decompiler_output_only,,1,0,main,
0x80034b2c,16,FUN_80034b2c,,DEFAULT,unverified,decompiler_output_only,,2,0,main,
0x80034b3c,12,FUN_80034b3c,,DEFAULT,unverified,decompiler_output_only,,2,0,main,
0x80034b4c,40,SsSetReservedVoice,,IMPORTED,library_signature,decompiler_output_only,Non-default name from ghidra_psx_ldr auto-analysis (PsyQ Signatures analyzer or GTE macro segment); not independently reviewed.,2,1,main,
0x80034b74,8,VS_SRV_OBJ_28,,USER_DEFINED,library_signature,decompiler_output_only,Non-default name from ghidra_psx_ldr auto-analysis (PsyQ Signatures analyzer or GTE macro segment); not independently reviewed.,1,0,main,
0x80034b7c,164,SsVabClose,,IMPORTED,library_signature,decompiler_output_only,Non-default name from ghidra_psx_ldr auto-analysis (PsyQ Signatures analyzer or GTE macro segment); not independently reviewed.,1,3,main,
0x80034c2c,100,SpuFree,,IMPORTED,library_signature,decompiler_output_only,Non-default name from ghidra_psx_ldr auto-analysis (PsyQ Signatures analyzer or GTE macro segment); not independently reviewed.,1,1,main,
0x80034c90,24,S_M_F_OBJ_64,,USER_DEFINED,library_signature,decompiler_output_only,Non-default name from ghidra_psx_ldr auto-analysis (PsyQ Signatures analyzer or GTE macro segment); not independently reviewed.,1,1,main,
0x80034cac,84,_spu_gcSPU,,IMPORTED,library_signature,decompiler_output_only,Non-default name from ghidra_psx_ldr auto-analysis (PsyQ Signatures analyzer or GTE macro segment); not independently reviewed.,1,0,main,
0x80034d00,112,S_M_INT_OBJ_54,,USER_DEFINED,library_signature,decompiler_output_only,Non-default name from ghidra_psx_ldr auto-analysis (PsyQ Signatures analyzer or GTE macro segment); not independently reviewed.,0,1,main,
0x80034d70,428,S_M_INT_OBJ_C4,,USER_DEFINED,library_signature,decompiler_output_only,Non-default name from ghidra_psx_ldr auto-analysis (PsyQ Signatures analyzer or GTE macro segment); not independently reviewed.,1,1,main,
0x80034f1c,144,S_M_INT_OBJ_270,,USER_DEFINED,library_signature,decompiler_output_only,Non-default name from ghidra_psx_ldr auto-analysis (PsyQ Signatures analyzer or GTE macro segment); not independently reviewed.,1,0,main,
0x80034fac,52,SsVabOpenHeadSticky,,IMPORTED,library_signature,decompiler_output_only,Non-default name from ghidra_psx_ldr auto-analysis (PsyQ Signatures analyzer or GTE macro segment); not independently reviewed.,1,1,main,
0x80034fe0,52,SsVabFakeHead,,USER_DEFINED,library_signature,decompiler_output_only,Non-default name from ghidra_psx_ldr auto-analysis (PsyQ Signatures analyzer or GTE macro segment); not independently reviewed.,0,1,main,
0x80035014,8,VS_VH_OBJ_68,,USER_DEFINED,library_signature,decompiler_output_only,Non-default name from ghidra_psx_ldr auto-analysis (PsyQ Signatures analyzer or GTE macro segment); not independently reviewed.,0,0,main,
0x8003501c,232,_SsVabOpenHeadWithMode,,IMPORTED,library_signature,decompiler_output_only,Non-default name from ghidra_psx_ldr auto-analysis (PsyQ Signatures analyzer or GTE macro segment); not independently reviewed.,2,4,main,
0x80035104,20,VS_VH_OBJ_158,,USER_DEFINED,library_signature,decompiler_output_only,Non-default name from ghidra_psx_ldr auto-analysis (PsyQ Signatures analyzer or GTE macro segment); not independently reviewed.,1,0,main,
0x80035118,492,VS_VH_OBJ_16C,,USER_DEFINED,library_signature,decompiler_output_only,Non-default name from ghidra_psx_ldr auto-analysis (PsyQ Signatures analyzer or GTE macro segment); not independently reviewed.,1,3,main,
0x80035304,40,VS_VH_OBJ_358,,USER_DEFINED,library_signature,decompiler_output_only,Non-default name from ghidra_psx_ldr auto-analysis (PsyQ Signatures analyzer or GTE macro segment); not independently reviewed.,1,2,main,
0x800353a8,140,VS_VH_OBJ_3FC,,USER_DEFINED,library_signature,decompiler_output_only,Non-default name from ghidra_psx_ldr auto-analysis (PsyQ Signatures analyzer or GTE macro segment); not independently reviewed.,0,0,main,
0x800353e0,40,VS_VH_OBJ_434,,USER_DEFINED,library_signature,decompiler_output_only,Non-default name from ghidra_psx_ldr auto-analysis (PsyQ Signatures analyzer or GTE macro segment); not independently reviewed.,2,0,main,
0x8003540c,164,SsVabTransBody,,IMPORTED,library_signature,decompiler_output_only,Non-default name from ghidra_psx_ldr auto-analysis (PsyQ Signatures analyzer or GTE macro segment); not independently reviewed.,1,5,main,
0x800354b0,28,VS_VTB_OBJ_A4,,USER_DEFINED,library_signature,decompiler_output_only,Non-default name from ghidra_psx_ldr auto-analysis (PsyQ Signatures analyzer or GTE macro segment); not independently reviewed.,1,0,main,
0x800354cc,220,SsVabTransBodyPartly,,IMPORTED,library_signature,decompiler_output_only,Non-default name from ghidra_psx_ldr auto-analysis (PsyQ Signatures analyzer or GTE macro segment); not independently reviewed.,1,3,main,
0x800355a8,16,VS_VTBP_OBJ_DC,,USER_DEFINED,library_signature,decompiler_output_only,Non-default name from ghidra_psx_ldr auto-analysis (PsyQ Signatures analyzer or GTE macro segment); not independently reviewed.,1,2,main,
0x80035630,32,VS_VTBP_OBJ_164,,USER_DEFINED,library_signature,decompiler_output_only,Non-default name from ghidra_psx_ldr auto-analysis (PsyQ Signatures analyzer or GTE macro segment); not independently reviewed.,1,0,main,
0x8003565c,136,SpuWritePartly,,IMPORTED,library_signature,decompiler_output_only,Non-default name from ghidra_psx_ldr auto-analysis (PsyQ Signatures analyzer or GTE macro segment); not independently reviewed.,0,2,main,
0x800356ec,40,SsVabTransCompleted,,IMPORTED,library_signature,decompiler_output_only,Non-default name from ghidra_psx_ldr auto-analysis (PsyQ Signatures analyzer or GTE macro segment); not independently reviewed.,2,1,main,
0x8003571c,136,SpuIsTransferCompleted,,IMPORTED,library_signature,decompiler_output_only,Non-default name from ghidra_psx_ldr auto-analysis (PsyQ Signatures analyzer or GTE macro segment); not independently reviewed.,1,3,main,
0x800357a4,8,S_ITC_OBJ_88,,USER_DEFINED,library_signature,decompiler_output_only,Non-default name from ghidra_psx_ldr auto-analysis (PsyQ Signatures analyzer or GTE macro segment); not independently reviewed.,1,0,main,
0x800357ac,20,S_ITC_OBJ_90,,USER_DEFINED,library_signature,decompiler_output_only,Non-default name from ghidra_psx_ldr auto-analysis (PsyQ Signatures analyzer or GTE macro segment); not independently reviewed.,1,0,main,
0x800357cc,32,PCopen,,USER_DEFINED,library_signature,decompiler_output_only,Non-default name from ghidra_psx_ldr auto-analysis (PsyQ Signatures analyzer or GTE macro segment); not independently reviewed.,0,0,main,
0x800357fc,36,PClseek,,USER_DEFINED,library_signature,decompiler_output_only,Non-default name from ghidra_psx_ldr auto-analysis (PsyQ Signatures analyzer or GTE macro segment); not independently reviewed.,0,0,main,
0x80035820,148,PCread,,USER_DEFINED,library_signature,decompiler_output_only,Non-default name from ghidra_psx_ldr auto-analysis (PsyQ Signatures analyzer or GTE macro segment); not independently reviewed.,0,2,main,
0x800358b4,44,READ_OBJ_94,,USER_DEFINED,library_signature,decompiler_output_only,Non-default name from ghidra_psx_ldr auto-analysis (PsyQ Signatures analyzer or GTE macro segment); not independently reviewed.,1,0,main,
0x800358e0,24,_SN_read,,USER_DEFINED,library_signature,decompiler_output_only,Non-default name from ghidra_psx_ldr auto-analysis (PsyQ Signatures analyzer or GTE macro segment); not independently reviewed.,1,0,main,
0x800358f8,164,VSync,,IMPORTED,library_signature,decompiler_output_only,Non-default name from ghidra_psx_ldr auto-analysis (PsyQ Signatures analyzer or GTE macro segment); not independently reviewed.,29,2,main,
0x8003599c,192,VSYNC_OBJ_A4,,USER_DEFINED,library_signature,decompiler_output_only,Non-default name from ghidra_psx_ldr auto-analysis (PsyQ Signatures analyzer or GTE macro segment); not independently reviewed.,1,1,main,
0x80035a5c,20,VSYNC_OBJ_164,,USER_DEFINED,library_signature,decompiler_output_only,Non-default name from ghidra_psx_ldr auto-analysis (PsyQ Signatures analyzer or GTE macro segment); not independently reviewed.,1,0,main,
0x80035a70,136,VSYNC_OBJ_178,,IMPORTED,library_signature,decompiler_output_only,Non-default name from ghidra_psx_ldr auto-analysis (PsyQ Signatures analyzer or GTE macro segment); not independently reviewed.,1,4,main,
0x80035af8,16,VSYNC_OBJ_200,,USER_DEFINED,library_signature,decompiler_output_only,Non-default name from ghidra_psx_ldr auto-analysis (PsyQ Signatures analyzer or GTE macro segment); not independently reviewed.,1,0,main,
0x80035b08,48,ResetCallback,,IMPORTED,library_signature,decompiler_output_only,Non-default name from ghidra_psx_ldr auto-analysis (PsyQ Signatures analyzer or GTE macro segment); not independently reviewed.,6,1,main,
0x80035b38,48,InterruptCallback,,IMPORTED,library_signature,decompiler_output_only,Non-default name from ghidra_psx_ldr auto-analysis (PsyQ Signatures analyzer or GTE macro segment); not independently reviewed.,8,1,main,
0x80035b68,48,DMACallback,,IMPORTED,library_signature,decompiler_output_only,Non-default name from ghidra_psx_ldr auto-analysis (PsyQ Signatures analyzer or GTE macro segment); not independently reviewed.,10,0,main,
0x80035b98,52,VSyncCallback,,IMPORTED,library_signature,decompiler_output_only,Non-default name from ghidra_psx_ldr auto-analysis (PsyQ Signatures analyzer or GTE macro segment); not independently reviewed.,2,0,main,
0x80035bcc,48,VSyncCallbacks,,USER_DEFINED,library_signature,decompiler_output_only,Non-default name from ghidra_psx_ldr auto-analysis (PsyQ Signatures analyzer or GTE macro segment); not independently reviewed.,0,0,main,
0x80035bfc,48,StopCallback,,USER_DEFINED,library_signature,decompiler_output_only,Non-default name from ghidra_psx_ldr auto-analysis (PsyQ Signatures analyzer or GTE macro segment); not independently reviewed.,0,1,main,
0x80035c2c,48,RestartCallback,,USER_DEFINED,library_signature,decompiler_output_only,Non-default name from ghidra_psx_ldr auto-analysis (PsyQ Signatures analyzer or GTE macro segment); not independently reviewed.,0,1,main,
0x80035c5c,16,CheckCallback,,IMPORTED,library_signature,decompiler_output_only,Non-default name from ghidra_psx_ldr auto-analysis (PsyQ Signatures analyzer or GTE macro segment); not independently reviewed.,3,0,main,
0x80035c6c,24,GetIntrMask,,USER_DEFINED,library_signature,decompiler_output_only,Non-default name from ghidra_psx_ldr auto-analysis (PsyQ Signatures analyzer or GTE macro segment); not independently reviewed.,0,0,main,
0x80035c84,24,SetIntrMask,,IMPORTED,library_signature,decompiler_output_only,Non-default name from ghidra_psx_ldr auto-analysis (PsyQ Signatures analyzer or GTE macro segment); not independently reviewed.,6,0,main,
0x80035c9c,216,INTR_OBJ_194,,IMPORTED,library_signature,decompiler_output_only,Non-default name from ghidra_psx_ldr auto-analysis (PsyQ Signatures analyzer or GTE macro segment); not independently reviewed.,1,8,main,
0x80035d74,420,INTR_OBJ_26C,,IMPORTED,library_signature,decompiler_output_only,Non-default name from ghidra_psx_ldr auto-analysis (PsyQ Signatures analyzer or GTE macro segment); not independently reviewed.,1,3,main,
0x80035f18,44,INTR_OBJ_410,,USER_DEFINED,library_signature,decompiler_output_only,Non-default name from ghidra_psx_ldr auto-analysis (PsyQ Signatures analyzer or GTE macro segment); not independently reviewed.,1,1,main,
0x80035f44,176,INTR_OBJ_43C,,IMPORTED,library_signature,decompiler_output_only,Non-default name from ghidra_psx_ldr auto-analysis (PsyQ Signatures analyzer or GTE macro segment); not independently reviewed.,1,1,main,
0x80035ff4,152,INTR_OBJ_4EC,,USER_DEFINED,library_signature,decompiler_output_only,Non-default name from ghidra_psx_ldr auto-analysis (PsyQ Signatures analyzer or GTE macro segment); not independently reviewed.,1,2,main,
0x8003608c,160,INTR_OBJ_584,,USER_DEFINED,library_signature,decompiler_output_only,Non-default name from ghidra_psx_ldr auto-analysis (PsyQ Signatures analyzer or GTE macro segment); not independently reviewed.,1,2,main,
0x8003612c,104,INTR_OBJ_624,,USER_DEFINED,library_signature,decompiler_output_only,Non-default name from ghidra_psx_ldr auto-analysis (PsyQ Signatures analyzer or GTE macro segment); not independently reviewed.,1,3,main,
0x80036194,16,INTR_OBJ_68C,,USER_DEFINED,library_signature,decompiler_output_only,Non-default name from ghidra_psx_ldr auto-analysis (PsyQ Signatures analyzer or GTE macro segment); not independently reviewed.,1,0,main,
0x800361a4,36,INTR_OBJ_69C,,IMPORTED,library_signature,decompiler_output_only,Non-default name from ghidra_psx_ldr auto-analysis (PsyQ Signatures analyzer or GTE macro segment); not independently reviewed.,1,0,main,
0x800361c8,88,startIntrVSync,,IMPORTED,library_signature,decompiler_output_only,Non-default name from ghidra_psx_ldr auto-analysis (PsyQ Signatures analyzer or GTE macro segment); not independently reviewed.,1,2,main,
0x80036220,108,INTR_VB_OBJ_58,,USER_DEFINED,library_signature,decompiler_output_only,Non-default name from ghidra_psx_ldr auto-analysis (PsyQ Signatures analyzer or GTE macro segment); not independently reviewed.,0,0,main,
0x8003628c,44,INTR_VB_OBJ_C4,,USER_DEFINED,library_signature,decompiler_output_only,Non-default name from ghidra_psx_ldr auto-analysis (PsyQ Signatures analyzer or GTE macro segment); not independently reviewed.,0,0,main,
0x800362b8,36,INTR_VB_OBJ_F0,,IMPORTED,library_signature,decompiler_output_only,Non-default name from ghidra_psx_ldr auto-analysis (PsyQ Signatures analyzer or GTE macro segment); not independently reviewed.,1,0,main,
0x800362e8,76,startIntrDMA,,IMPORTED,library_signature,decompiler_output_only,Non-default name from ghidra_psx_ldr auto-analysis (PsyQ Signatures analyzer or GTE macro segment); not independently reviewed.,1,2,main,
0x80036334,384,INTR_DMA_OBJ_4C,,USER_DEFINED,library_signature,decompiler_output_only,Non-default name from ghidra_psx_ldr auto-analysis (PsyQ Signatures analyzer or GTE macro segment); not independently reviewed.,0,1,main,
0x800364b4,164,INTR_DMA_OBJ_1CC,,USER_DEFINED,library_signature,decompiler_output_only,Non-default name from ghidra_psx_ldr auto-analysis (PsyQ Signatures analyzer or GTE macro segment); not independently reviewed.,0,1,main,
0x80036558,8,INTR_DMA_OBJ_270,,USER_DEFINED,library_signature,decompiler_output_only,Non-default name from ghidra_psx_ldr auto-analysis (PsyQ Signatures analyzer or GTE macro segment); not independently reviewed.,1,0,main,
0x80036560,36,INTR_DMA_OBJ_278,,IMPORTED,library_signature,decompiler_output_only,Non-default name from ghidra_psx_ldr auto-analysis (PsyQ Signatures analyzer or GTE macro segment); not independently reviewed.,1,0,main,
0x8003659c,16,FUN_8003659c,,DEFAULT,unverified,decompiler_output_only,,5,0,main,
0x800365c0,128,InitGeom,,IMPORTED,library_signature,decompiler_output_only,Non-default name from ghidra_psx_ldr auto-analysis (PsyQ Signatures analyzer or GTE macro segment); not independently reviewed.,3,1,main,
0x80036648,24,FUN_80036648,,DEFAULT,unverified,decompiler_output_only,,6,0,main,
0x80036668,12,FUN_80036668,,DEFAULT,unverified,decompiler_output_only,,3,0,main,
0x80036678,172,_patch_gte,,IMPORTED,library_signature,decompiler_output_only,Non-default name from ghidra_psx_ldr auto-analysis (PsyQ Signatures analyzer or GTE macro segment); not independently reviewed.,1,3,main,
0x80036754,4,PATCHGTE_OBJ_DC,,USER_DEFINED,library_signature,decompiler_output_only,Non-default name from ghidra_psx_ldr auto-analysis (PsyQ Signatures analyzer or GTE macro segment); not independently reviewed.,0,0,main,
0x80036758,116,GsInitGraph,,IMPORTED,library_signature,decompiler_output_only,Non-default name from ghidra_psx_ldr auto-analysis (PsyQ Signatures analyzer or GTE macro segment); not independently reviewed.,1,5,main,
0x800367cc,284,GS_001_OBJ_74,,IMPORTED,library_signature,decompiler_output_only,Non-default name from ghidra_psx_ldr auto-analysis (PsyQ Signatures analyzer or GTE macro segment); not independently reviewed.,1,4,main,
0x800368e8,104,GsInitGraph2,,IMPORTED,library_signature,decompiler_output_only,Non-default name from ghidra_psx_ldr auto-analysis (PsyQ Signatures analyzer or GTE macro segment); not independently reviewed.,3,1,main,
0x80036950,544,GS_001_OBJ_1F8,,IMPORTED,library_signature,decompiler_output_only,Non-default name from ghidra_psx_ldr auto-analysis (PsyQ Signatures analyzer or GTE macro segment); not independently reviewed.,2,0,main,
0x80036b70,264,GsSortClear,,IMPORTED,library_signature,decompiler_output_only,Non-default name from ghidra_psx_ldr auto-analysis (PsyQ Signatures analyzer or GTE macro segment); not independently reviewed.,3,1,main,
0x80036c78,48,GS_001_OBJ_520,,USER_DEFINED,library_signature,decompiler_output_only,Non-default name from ghidra_psx_ldr auto-analysis (PsyQ Signatures analyzer or GTE macro segment); not independently reviewed.,1,1,main,
0x80036ca8,16,GsGetActiveBuff,,USER_DEFINED,library_signature,decompiler_output_only,Non-default name from ghidra_psx_ldr auto-analysis (PsyQ Signatures analyzer or GTE macro segment); not independently reviewed.,0,0,main,
0x80036cb8,244,GsSetDrawBuffOffset,,IMPORTED,library_signature,decompiler_output_only,Non-default name from ghidra_psx_ldr auto-analysis (PsyQ Signatures analyzer or GTE macro segment); not independently reviewed.,4,3,main,
0x80036dac,20,GS_002_OBJ_104,,USER_DEFINED,library_signature,decompiler_output_only,Non-default name from ghidra_psx_ldr auto-analysis (PsyQ Signatures analyzer or GTE macro segment); not independently reviewed.,1,0,main,
0x80036dc8,120,GsSetDrawBuffClip,,IMPORTED,library_signature,decompiler_output_only,Non-default name from ghidra_psx_ldr auto-analysis (PsyQ Signatures analyzer or GTE macro segment); not independently reviewed.,3,1,main,
0x80036e48,112,GsInitCoordinate2,,IMPORTED,library_signature,decompiler_output_only,Non-default name from ghidra_psx_ldr auto-analysis (PsyQ Signatures analyzer or GTE macro segment); not independently reviewed.,2,0,main,
0x80036eb8,44,GsInitCoord2param,,USER_DEFINED,library_signature,decompiler_output_only,Non-default name from ghidra_psx_ldr auto-analysis (PsyQ Signatures analyzer or GTE macro segment); not independently reviewed.,0,0,main,
0x80036ee4,44,GsSetLsMatrix,,USER_DEFINED,library_signature,decompiler_output_only,Non-default name from ghidra_psx_ldr auto-analysis (PsyQ Signatures analyzer or GTE macro segment); not independently reviewed.,0,2,main,
0x80036f10,148,GsSetLightMatrix,,USER_DEFINED,library_signature,decompiler_output_only,Non-default name from ghidra_psx_ldr auto-analysis (PsyQ Signatures analyzer or GTE macro segment); not independently reviewed.,0,4,main,
0x80036fa4,48,GsSetLightMatrix2,,USER_DEFINED,library_signature,decompiler_output_only,Non-default name from ghidra_psx_ldr auto-analysis (PsyQ Signatures analyzer or GTE macro segment); not independently reviewed.,0,2,main,
0x80036fd4,144,GsMulCoord0,,USER_DEFINED,library_signature,decompiler_output_only,Non-default name from ghidra_psx_ldr auto-analysis (PsyQ Signatures analyzer or GTE macro segment); not independently reviewed.,0,2,main,
0x80037064,128,GsMulCoord2,,IMPORTED,library_signature,decompiler_output_only,Non-default name from ghidra_psx_ldr auto-analysis (PsyQ Signatures analyzer or GTE macro segment); not independently reviewed.,2,2,main,
0x800370e4,128,GsMulCoord3,,IMPORTED,library_signature,decompiler_output_only,Non-default name from ghidra_psx_ldr auto-analysis (PsyQ Signatures analyzer or GTE macro segment); not independently reviewed.,1,2,main,
0x80037164,112,print_matrix,,USER_DEFINED,library_signature,decompiler_output_only,Non-default name from ghidra_psx_ldr auto-analysis (PsyQ Signatures analyzer or GTE macro segment); not independently reviewed.,0,1,main,
0x800371d4,48,print_vector,,USER_DEFINED,library_signature,decompiler_output_only,Non-default name from ghidra_psx_ldr auto-analysis (PsyQ Signatures analyzer or GTE macro segment); not independently reviewed.,0,1,main,
0x80037208,268,MulMatrix0,,USER_DEFINED,library_signature,decompiler_output_only,Non-default name from ghidra_psx_ldr auto-analysis (PsyQ Signatures analyzer or GTE macro segment); not independently reviewed.,1,0,main,
0x80037318,352,ApplyMatrixLV,,IMPORTED,library_signature,decompiler_output_only,Non-default name from ghidra_psx_ldr auto-analysis (PsyQ Signatures analyzer or GTE macro segment); not independently reviewed.,5,0,main,
0x80037478,164,PushMatrix,,USER_DEFINED,library_signature,decompiler_output_only,Non-default name from ghidra_psx_ldr auto-analysis (PsyQ Signatures analyzer or GTE macro segment); not independently reviewed.,1,1,main,
0x8003751c,164,PopMatrix,,USER_DEFINED,library_signature,decompiler_output_only,Non-default name from ghidra_psx_ldr auto-analysis (PsyQ Signatures analyzer or GTE macro segment); not independently reviewed.,1,1,main,
0x800375c8,268,MulMatrix,,IMPORTED,library_signature,decompiler_output_only,Non-default name from ghidra_psx_ldr auto-analysis (PsyQ Signatures analyzer or GTE macro segment); not independently reviewed.,6,0,main,
0x800376d8,268,MulMatrix2,,IMPORTED,library_signature,decompiler_output_only,Non-default name from ghidra_psx_ldr auto-analysis (PsyQ Signatures analyzer or GTE macro segment); not independently reviewed.,2,0,main,
0x800377e8,48,SetRotMatrix,,USER_DEFINED,library_signature,decompiler_output_only,Non-default name from ghidra_psx_ldr auto-analysis (PsyQ Signatures analyzer or GTE macro segment); not independently reviewed.,1,0,main,
0x80037818,48,SetLightMatrix,,USER_DEFINED,library_signature,decompiler_output_only,Non-default name from ghidra_psx_ldr auto-analysis (PsyQ Signatures analyzer or GTE macro segment); not independently reviewed.,2,0,main,
0x80037848,32,SetTransMatrix,,IMPORTED,library_signature,decompiler_output_only,Non-default name from ghidra_psx_ldr auto-analysis (PsyQ Signatures analyzer or GTE macro segment); not independently reviewed.,1,0,main,
0x80037868,120,GsDefDispBuff,,IMPORTED,library_signature,decompiler_output_only,Non-default name from ghidra_psx_ldr auto-analysis (PsyQ Signatures analyzer or GTE macro segment); not independently reviewed.,2,1,main,
0x800378e0,32,GS_103_OBJ_78,,USER_DEFINED,library_signature,decompiler_output_only,Non-default name from ghidra_psx_ldr auto-analysis (PsyQ Signatures analyzer or GTE macro segment); not independently reviewed.,1,2,main,
0x80037908,116,GsInit3D,,IMPORTED,library_signature,decompiler_output_only,Non-default name from ghidra_psx_ldr auto-analysis (PsyQ Signatures analyzer or GTE macro segment); not independently reviewed.,2,1,main,
0x80037988,1092,GsSetFlatLight,,IMPORTED,library_signature,decompiler_output_only,Non-default name from ghidra_psx_ldr auto-analysis (PsyQ Signatures analyzer or GTE macro segment); not independently reviewed.,1,3,main,
0x80037dcc,116,GS_107_OBJ_444,,USER_DEFINED,library_signature,decompiler_output_only,Non-default name from ghidra_psx_ldr auto-analysis (PsyQ Signatures analyzer or GTE macro segment); not independently reviewed.,1,1,main,
0x80037e40,100,GS_107_OBJ_4B8,,IMPORTED,library_signature,decompiler_output_only,Non-default name from ghidra_psx_ldr auto-analysis (PsyQ Signatures analyzer or GTE macro segment); not independently reviewed.,1,1,main,
0x80037ea4,76,GS_107_OBJ_51C,,IMPORTED,library_signature,decompiler_output_only,Non-default name from ghidra_psx_ldr auto-analysis (PsyQ Signatures analyzer or GTE macro segment); not independently reviewed.,1,0,main,
0x80037ef8,124,SquareRoot0,,IMPORTED,library_signature,decompiler_output_only,Non-default name from ghidra_psx_ldr auto-analysis (PsyQ Signatures analyzer or GTE macro segment); not independently reviewed.,7,0,main,
0x80037f88,48,SetColorMatrix,,IMPORTED,library_signature,decompiler_output_only,Non-default name from ghidra_psx_ldr auto-analysis (PsyQ Signatures analyzer or GTE macro segment); not independently reviewed.,1,0,main,
0x80037fb8,76,FUN_80037fb8,,DEFAULT,unverified,decompiler_output_only,,1,3,main,
0x80038008,32,SetFarColor,,IMPORTED,library_signature,decompiler_output_only,Non-default name from ghidra_psx_ldr auto-analysis (PsyQ Signatures analyzer or GTE macro segment); not independently reviewed.,2,0,main,
0x80038028,220,GsGetTimInfo,,IMPORTED,library_signature,decompiler_output_only,Non-default name from ghidra_psx_ldr auto-analysis (PsyQ Signatures analyzer or GTE macro segment); not independently reviewed.,4,1,main,
0x80038104,8,GS_122_OBJ_DC,,USER_DEFINED,library_signature,decompiler_output_only,Non-default name from ghidra_psx_ldr auto-analysis (PsyQ Signatures analyzer or GTE macro segment); not independently reviewed.,1,0,main,
0x80038118,124,Gssub_make_matrix,,IMPORTED,library_signature,decompiler_output_only,Non-default name from ghidra_psx_ldr auto-analysis (PsyQ Signatures analyzer or GTE macro segment); not independently reviewed.,3,0,main,
0x80038194,24,GS_123_OBJ_7C,,USER_DEFINED,library_signature,decompiler_output_only,Non-default name from ghidra_psx_ldr auto-analysis (PsyQ Signatures analyzer or GTE macro segment); not independently reviewed.,0,1,main,
0x800381ac,24,GS_123_OBJ_94,,USER_DEFINED,library_signature,decompiler_output_only,Non-default name from ghidra_psx_ldr auto-analysis (PsyQ Signatures analyzer or GTE macro segment); not independently reviewed.,0,1,main,
0x800381c4,20,GS_123_OBJ_AC,,USER_DEFINED,library_signature,decompiler_output_only,Non-default name from ghidra_psx_ldr auto-analysis (PsyQ Signatures analyzer or GTE macro segment); not independently reviewed.,0,0,main,
0x800381d8,8,GS_123_OBJ_C0,,USER_DEFINED,library_signature,decompiler_output_only,Non-default name from ghidra_psx_ldr auto-analysis (PsyQ Signatures analyzer or GTE macro segment); not independently reviewed.,2,0,main,
0x800381e8,272,ResetGraph,,IMPORTED,library_signature,decompiler_output_only,Non-default name from ghidra_psx_ldr auto-analysis (PsyQ Signatures analyzer or GTE macro segment); not independently reviewed.,5,7,main,
0x800382f8,80,SYS_OBJ_110,,USER_DEFINED,library_signature,decompiler_output_only,Non-default name from ghidra_psx_ldr auto-analysis (PsyQ Signatures analyzer or GTE macro segment); not independently reviewed.,1,2,main,
0x80038348,20,SYS_OBJ_160,,USER_DEFINED,library_signature,decompiler_output_only,Non-default name from ghidra_psx_ldr auto-analysis (PsyQ Signatures analyzer or GTE macro segment); not independently reviewed.,1,0,main,
0x8003835c,92,SetGraphDebug,,USER_DEFINED,library_signature,decompiler_output_only,Non-default name from ghidra_psx_ldr auto-analysis (PsyQ Signatures analyzer or GTE macro segment); not independently reviewed.,0,1,main,
0x800383b8,164,SetGraphQueue,,USER_DEFINED,library_signature,decompiler_output_only,Non-default name from ghidra_psx_ldr auto-analysis (PsyQ Signatures analyzer or GTE macro segment); not independently reviewed.,0,3,main,
0x8003845c,16,GetGraphDebug,,USER_DEFINED,library_signature,decompiler_output_only,Non-default name from ghidra_psx_ldr auto-analysis (PsyQ Signatures analyzer or GTE macro segment); not independently reviewed.,0,0,main,
0x8003846c,96,DrawSyncCallback,,USER_DEFINED,library_signature,decompiler_output_only,Non-default name from ghidra_psx_ldr auto-analysis (PsyQ Signatures analyzer or GTE macro segment); not independently reviewed.,0,1,main,
0x800384cc,152,SetDispMask,,IMPORTED,library_signature,decompiler_output_only,Non-default name from ghidra_psx_ldr auto-analysis (PsyQ Signatures analyzer or GTE macro segment); not independently reviewed.,3,3,main,
0x80038564,104,DrawSync,,IMPORTED,library_signature,decompiler_output_only,Non-default name from ghidra_psx_ldr auto-analysis (PsyQ Signatures analyzer or GTE macro segment); not independently reviewed.,15,2,main,
0x800385cc,208,SYS_OBJ_3E4,,IMPORTED,library_signature,decompiler_output_only,Non-default name from ghidra_psx_ldr auto-analysis (PsyQ Signatures analyzer or GTE macro segment); not independently reviewed.,8,2,main,
0x8003869c,60,SYS_OBJ_4B4,,USER_DEFINED,library_signature,decompiler_output_only,Non-default name from ghidra_psx_ldr auto-analysis (PsyQ Signatures analyzer or GTE macro segment); not independently reviewed.,1,1,main,
0x800386d8,16,SYS_OBJ_4F0,,USER_DEFINED,library_signature,decompiler_output_only,Non-default name from ghidra_psx_ldr auto-analysis (PsyQ Signatures analyzer or GTE macro segment); not independently reviewed.,1,0,main,
0x800386e8,144,ClearImage,,USER_DEFINED,library_signature,decompiler_output_only,Non-default name from ghidra_psx_ldr auto-analysis (PsyQ Signatures analyzer or GTE macro segment); not independently reviewed.,0,2,main,
0x80038778,152,ClearImage2,,IMPORTED,library_signature,decompiler_output_only,Non-default name from ghidra_psx_ldr auto-analysis (PsyQ Signatures analyzer or GTE macro segment); not independently reviewed.,9,2,main,
0x80038810,96,LoadImage,,IMPORTED,library_signature,decompiler_output_only,Non-default name from ghidra_psx_ldr auto-analysis (PsyQ Signatures analyzer or GTE macro segment); not independently reviewed.,12,2,main,
0x80038870,96,StoreImage,,IMPORTED,library_signature,decompiler_output_only,Non-default name from ghidra_psx_ldr auto-analysis (PsyQ Signatures analyzer or GTE macro segment); not independently reviewed.,2,2,main,
0x800388d0,160,MoveImage,,IMPORTED,library_signature,decompiler_output_only,Non-default name from ghidra_psx_ldr auto-analysis (PsyQ Signatures analyzer or GTE macro segment); not independently reviewed.,1,3,main,
0x80038970,24,SYS_OBJ_788,,USER_DEFINED,library_signature,decompiler_output_only,Non-default name from ghidra_psx_ldr auto-analysis (PsyQ Signatures analyzer or GTE macro segment); not independently reviewed.,1,0,main,
0x80038988,200,ClearOTag,,USER_DEFINED,library_signature,decompiler_output_only,Non-default name from ghidra_psx_ldr auto-analysis (PsyQ Signatures analyzer or GTE macro segment); not independently reviewed.,0,1,main,
0x80038a50,172,ClearOTagR,,IMPORTED,library_signature,decompiler_output_only,Non-default name from ghidra_psx_ldr auto-analysis (PsyQ Signatures analyzer or GTE macro segment); not independently reviewed.,1,2,main,
0x80038afc,92,DrawPrim,,USER_DEFINED,library_signature,decompiler_output_only,Non-default name from ghidra_psx_ldr auto-analysis (PsyQ Signatures analyzer or GTE macro segment); not independently reviewed.,0,2,main,
0x80038b58,112,DrawOTag,,IMPORTED,library_signature,decompiler_output_only,Non-default name from ghidra_psx_ldr auto-analysis (PsyQ Signatures analyzer or GTE macro segment); not independently reviewed.,1,2,main,
0x80038bc8,192,PutDrawEnv,,IMPORTED,library_signature,decompiler_output_only,Non-default name from ghidra_psx_ldr auto-analysis (PsyQ Signatures analyzer or GTE macro segment); not independently reviewed.,6,4,main,
0x80038c88,216,DrawOTagEnv,,USER_DEFINED,library_signature,decompiler_output_only,Non-default name from ghidra_psx_ldr auto-analysis (PsyQ Signatures analyzer or GTE macro segment); not independently reviewed.,0,4,main,
0x80038d60,52,GetDrawEnv,,USER_DEFINED,library_signature,decompiler_output_only,Non-default name from ghidra_psx_ldr auto-analysis (PsyQ Signatures analyzer or GTE macro segment); not independently reviewed.,0,1,main,
0x80038d94,416,PutDispEnv,,IMPORTED,library_signature,decompiler_output_only,Non-default name from ghidra_psx_ldr auto-analysis (PsyQ Signatures analyzer or GTE macro segment); not independently reviewed.,3,4,main,
0x80038f34,536,SYS_OBJ_D4C,,USER_DEFINED,library_signature,decompiler_output_only,Non-default name from ghidra_psx_ldr auto-analysis (PsyQ Signatures analyzer or GTE macro segment); not independently reviewed.,1,3,main,
0x8003914c,28,SYS_OBJ_F64,,USER_DEFINED,library_signature,decompiler_output_only,Non-default name from ghidra_psx_ldr auto-analysis (PsyQ Signatures analyzer or GTE macro segment); not independently reviewed.,1,1,main,
0x800391dc,24,SYS_OBJ_FF4,,USER_DEFINED,library_signature,decompiler_output_only,Non-default name from ghidra_psx_ldr auto-analysis (PsyQ Signatures analyzer or GTE macro segment); not independently reviewed.,0,0,main,
0x800391f4,152,SYS_OBJ_100C,,USER_DEFINED,library_signature,decompiler_output_only,Non-default name from ghidra_psx_ldr auto-analysis (PsyQ Signatures analyzer or GTE macro segment); not independently reviewed.,1,2,main,
0x8003928c,52,GetDispEnv,,USER_DEFINED,library_signature,decompiler_output_only,Non-default name from ghidra_psx_ldr auto-analysis (PsyQ Signatures analyzer or GTE macro segment); not independently reviewed.,0,1,main,
0x800392c0,48,GetODE,,IMPORTED,library_signature,decompiler_output_only,Non-default name from ghidra_psx_ldr auto-analysis (PsyQ Signatures analyzer or GTE macro segment); not independently reviewed.,1,1,main,
0x800392f0,128,SetDrawArea,,IMPORTED,library_signature,decompiler_output_only,Non-default name from ghidra_psx_ldr auto-analysis (PsyQ Signatures analyzer or GTE macro segment); not independently reviewed.,11,2,main,
0x80039370,64,SetDrawOffset,,USER_DEFINED,library_signature,decompiler_output_only,Non-default name from ghidra_psx_ldr auto-analysis (PsyQ Signatures analyzer or GTE macro segment); not independently reviewed.,0,1,main,
0x800393b0,348,SetDrawEnv,,IMPORTED,library_signature,decompiler_output_only,Non-default name from ghidra_psx_ldr auto-analysis (PsyQ Signatures analyzer or GTE macro segment); not independently reviewed.,1,6,main,
0x8003950c,156,SYS_OBJ_1324,,USER_DEFINED,library_signature,decompiler_output_only,Non-default name from ghidra_psx_ldr auto-analysis (PsyQ Signatures analyzer or GTE macro segment); not independently reviewed.,1,0,main,
0x800395a8,348,SYS_OBJ_13C0,,IMPORTED,library_signature,decompiler_output_only,Non-default name from ghidra_psx_ldr auto-analysis (PsyQ Signatures analyzer or GTE macro segment); not independently reviewed.,2,6,main,
0x80039704,248,SYS_OBJ_151C,,USER_DEFINED,library_signature,decompiler_output_only,Non-default name from ghidra_psx_ldr auto-analysis (PsyQ Signatures analyzer or GTE macro segment); not independently reviewed.,1,1,main,
0x800397fc,28,SYS_OBJ_1614,,USER_DEFINED,library_signature,decompiler_output_only,Non-default name from ghidra_psx_ldr auto-analysis (PsyQ Signatures analyzer or GTE macro segment); not independently reviewed.,1,0,main,
0x80039818,32,SYS_OBJ_1630,,IMPORTED,library_signature,decompiler_output_only,Non-default name from ghidra_psx_ldr auto-analysis (PsyQ Signatures analyzer or GTE macro segment); not independently reviewed.,2,0,main,
0x80039838,124,SYS_OBJ_1650,,IMPORTED,library_signature,decompiler_output_only,Non-default name from ghidra_psx_ldr auto-analysis (PsyQ Signatures analyzer or GTE macro segment); not independently reviewed.,3,1,main,
0x800398b4,28,SYS_OBJ_16CC,,USER_DEFINED,library_signature,decompiler_output_only,Non-default name from ghidra_psx_ldr auto-analysis (PsyQ Signatures analyzer or GTE macro segment); not independently reviewed.,1,0,main,
0x800398d0,124,SYS_OBJ_16E8,,IMPORTED,library_signature,decompiler_output_only,Non-default name from ghidra_psx_ldr auto-analysis (PsyQ Signatures analyzer or GTE macro segment); not independently reviewed.,3,1,main,
0x8003994c,28,SYS_OBJ_1764,,USER_DEFINED,library_signature,decompiler_output_only,Non-default name from ghidra_psx_ldr auto-analysis (PsyQ Signatures analyzer or GTE macro segment); not independently reviewed.,1,0,main,
0x80039968,28,SYS_OBJ_1780,,IMPORTED,library_signature,decompiler_output_only,Non-default name from ghidra_psx_ldr auto-analysis (PsyQ Signatures analyzer or GTE macro segment); not independently reviewed.,3,0,main,
0x80039984,120,SYS_OBJ_179C,,IMPORTED,library_signature,decompiler_output_only,Non-default name from ghidra_psx_ldr auto-analysis (PsyQ Signatures analyzer or GTE macro segment); not independently reviewed.,2,1,main,
0x800399fc,8,SYS_OBJ_1814,,USER_DEFINED,library_signature,decompiler_output_only,Non-default name from ghidra_psx_ldr auto-analysis (PsyQ Signatures analyzer or GTE macro segment); not independently reviewed.,1,0,main,
0x80039a04,24,SYS_OBJ_181C,,IMPORTED,library_signature,decompiler_output_only,Non-default name from ghidra_psx_ldr auto-analysis (PsyQ Signatures analyzer or GTE macro segment); not independently reviewed.,1,0,main,
0x80039a1c,224,SYS_OBJ_1834,,IMPORTED,library_signature,decompiler_output_only,Non-default name from ghidra_psx_ldr auto-analysis (PsyQ Signatures analyzer or GTE macro segment); not independently reviewed.,1,2,main,
0x80039afc,88,SYS_OBJ_1914,,USER_DEFINED,library_signature,decompiler_output_only,Non-default name from ghidra_psx_ldr auto-analysis (PsyQ Signatures analyzer or GTE macro segment); not independently reviewed.,0,1,main,
0x80039b54,64,SYS_OBJ_196C,,USER_DEFINED,library_signature,decompiler_output_only,Non-default name from ghidra_psx_ldr auto-analysis (PsyQ Signatures analyzer or GTE macro segment); not independently reviewed.,1,1,main,
0x80039b94,368,SYS_OBJ_19AC,,USER_DEFINED,library_signature,decompiler_output_only,Non-default name from ghidra_psx_ldr auto-analysis (PsyQ Signatures analyzer or GTE macro segment); not independently reviewed.,1,2,main,
0x80039d04,40,SYS_OBJ_1B1C,,USER_DEFINED,library_signature,decompiler_output_only,Non-default name from ghidra_psx_ldr auto-analysis (PsyQ Signatures analyzer or GTE macro segment); not independently reviewed.,1,1,main,
0x80039d2c,104,SYS_OBJ_1B44,,USER_DEFINED,library_signature,decompiler_output_only,Non-default name from ghidra_psx_ldr auto-analysis (PsyQ Signatures analyzer or GTE macro segment); not independently reviewed.,1,2,main,
0x80039d94,60,SYS_OBJ_1BAC,,USER_DEFINED,library_signature,decompiler_output_only,Non-default name from ghidra_psx_ldr auto-analysis (PsyQ Signatures analyzer or GTE macro segment); not independently reviewed.,1,1,main,
0x80039dd0,372,SYS_OBJ_1BE8,,USER_DEFINED,library_signature,decompiler_output_only,Non-default name from ghidra_psx_ldr auto-analysis (PsyQ Signatures analyzer or GTE macro segment); not independently reviewed.,1,2,main,
0x80039f44,36,SYS_OBJ_1D5C,,USER_DEFINED,library_signature,decompiler_output_only,Non-default name from ghidra_psx_ldr auto-analysis (PsyQ Signatures analyzer or GTE macro segment); not independently reviewed.,1,0,main,
0x80039f68,96,SYS_OBJ_1D80,,USER_DEFINED,library_signature,decompiler_output_only,Non-default name from ghidra_psx_ldr auto-analysis (PsyQ Signatures analyzer or GTE macro segment); not independently reviewed.,1,2,main,
0x80039fc8,60,SYS_OBJ_1DE0,,USER_DEFINED,library_signature,decompiler_output_only,Non-default name from ghidra_psx_ldr auto-analysis (PsyQ Signatures analyzer or GTE macro segment); not independently reviewed.,1,1,main,
0x8003a004,452,SYS_OBJ_1E1C,,USER_DEFINED,library_signature,decompiler_output_only,Non-default name from ghidra_psx_ldr auto-analysis (PsyQ Signatures analyzer or GTE macro segment); not independently reviewed.,1,2,main,
0x8003a1c8,32,SYS_OBJ_1FE0,,USER_DEFINED,library_signature,decompiler_output_only,Non-default name from ghidra_psx_ldr auto-analysis (PsyQ Signatures analyzer or GTE macro segment); not independently reviewed.,1,0,main,
0x8003a1e8,36,SYS_OBJ_2000,,IMPORTED,library_signature,decompiler_output_only,Non-default name from ghidra_psx_ldr auto-analysis (PsyQ Signatures analyzer or GTE macro segment); not independently reviewed.,4,0,main,
0x8003a20c,20,SYS_OBJ_2024,,USER_DEFINED,library_signature,decompiler_output_only,Non-default name from ghidra_psx_ldr auto-analysis (PsyQ Signatures analyzer or GTE macro segment); not independently reviewed.,0,0,main,
0x8003a220,64,SYS_OBJ_2038,,USER_DEFINED,library_signature,decompiler_output_only,Non-default name from ghidra_psx_ldr auto-analysis (PsyQ Signatures analyzer or GTE macro segment); not independently reviewed.,1,0,main,
0x8003a260,72,SYS_OBJ_2078,,IMPORTED,library_signature,decompiler_output_only,Non-default name from ghidra_psx_ldr auto-analysis (PsyQ Signatures analyzer or GTE macro segment); not independently reviewed.,3,0,main,
0x8003a2a8,48,SYS_OBJ_20C0,,IMPORTED,library_signature,decompiler_output_only,Non-default name from ghidra_psx_ldr auto-analysis (PsyQ Signatures analyzer or GTE macro segment); not independently reviewed.,1,0,main,
0x8003a2d8,36,SYS_OBJ_20F0,,USER_DEFINED,library_signature,decompiler_output_only,Non-default name from ghidra_psx_ldr auto-analysis (PsyQ Signatures analyzer or GTE macro segment); not independently reviewed.,0,1,main,
0x8003a2fc,76,SYS_OBJ_2114,,IMPORTED,library_signature,decompiler_output_only,Non-default name from ghidra_psx_ldr auto-analysis (PsyQ Signatures analyzer or GTE macro segment); not independently reviewed.,9,4,main,
0x8003a348,256,SYS_OBJ_2160,,USER_DEFINED,library_signature,decompiler_output_only,Non-default name from ghidra_psx_ldr auto-analysis (PsyQ Signatures analyzer or GTE macro segment); not independently reviewed.,1,3,main,
0x8003a448,148,SYS_OBJ_2260,,USER_DEFINED,library_signature,decompiler_output_only,Non-default name from ghidra_psx_ldr auto-analysis (PsyQ Signatures analyzer or GTE macro segment); not independently reviewed.,0,1,main,
0x8003a500,144,SYS_OBJ_2318,,USER_DEFINED,library_signature,decompiler_output_only,Non-default name from ghidra_psx_ldr auto-analysis (PsyQ Signatures analyzer or GTE macro segment); not independently reviewed.,1,2,main,
0x8003a590,28,SYS_OBJ_23A8,,USER_DEFINED,library_signature,decompiler_output_only,Non-default name from ghidra_psx_ldr auto-analysis (PsyQ Signatures analyzer or GTE macro segment); not independently reviewed.,1,0,main,
0x8003a5ac,608,SYS_OBJ_23C4,,IMPORTED,library_signature,decompiler_output_only,Non-default name from ghidra_psx_ldr auto-analysis (PsyQ Signatures analyzer or GTE macro segment); not independently reviewed.,3,2,main,
0x8003a80c,284,SYS_OBJ_2624,,IMPORTED,library_signature,decompiler_output_only,Non-default name from ghidra_psx_ldr auto-analysis (PsyQ Signatures analyzer or GTE macro segment); not independently reviewed.,3,3,main,
0x8003a928,52,SYS_OBJ_2740,,USER_DEFINED,library_signature,decompiler_output_only,Non-default name from ghidra_psx_ldr auto-analysis (PsyQ Signatures analyzer or GTE macro segment); not independently reviewed.,1,2,main,
0x8003a95c,32,SYS_OBJ_2774,,IMPORTED,library_signature,decompiler_output_only,Non-default name from ghidra_psx_ldr auto-analysis (PsyQ Signatures analyzer or GTE macro segment); not independently reviewed.,2,2,main,
0x8003a97c,24,SYS_OBJ_2794,,USER_DEFINED,library_signature,decompiler_output_only,Non-default name from ghidra_psx_ldr auto-analysis (PsyQ Signatures analyzer or GTE macro segment); not independently reviewed.,1,2,main,
0x8003a994,124,SYS_OBJ_27AC,,USER_DEFINED,library_signature,decompiler_output_only,Non-default name from ghidra_psx_ldr auto-analysis (PsyQ Signatures analyzer or GTE macro segment); not independently reviewed.,1,3,main,
0x8003aa88,16,SYS_OBJ_28A0,,USER_DEFINED,library_signature,decompiler_output_only,Non-default name from ghidra_psx_ldr auto-analysis (PsyQ Signatures analyzer or GTE macro segment); not independently reviewed.,1,0,main,
0x8003aa98,52,SYS_OBJ_28B0,,IMPORTED,library_signature,decompiler_output_only,Non-default name from ghidra_psx_ldr auto-analysis (PsyQ Signatures analyzer or GTE macro segment); not independently reviewed.,5,1,main,
0x8003aacc,308,SYS_OBJ_28E4,,IMPORTED,library_signature,decompiler_output_only,Non-default name from ghidra_psx_ldr auto-analysis (PsyQ Signatures analyzer or GTE macro segment); not independently reviewed.,10,4,main,
0x8003ac00,16,SYS_OBJ_2A18,,USER_DEFINED,library_signature,decompiler_output_only,Non-default name from ghidra_psx_ldr auto-analysis (PsyQ Signatures analyzer or GTE macro segment); not independently reviewed.,1,0,main,
0x8003ac10,152,SYS_OBJ_2A28,,IMPORTED,library_signature,decompiler_output_only,Non-default name from ghidra_psx_ldr auto-analysis (PsyQ Signatures analyzer or GTE macro segment); not independently reviewed.,1,1,main,
0x8003aca8,8,SYS_OBJ_2AC0,,USER_DEFINED,library_signature,decompiler_output_only,Non-default name from ghidra_psx_ldr auto-analysis (PsyQ Signatures analyzer or GTE macro segment); not independently reviewed.,1,0,main,
0x8003acb0,124,LoadImage2,,USER_DEFINED,library_signature,decompiler_output_only,Non-default name from ghidra_psx_ldr auto-analysis (PsyQ Signatures analyzer or GTE macro segment); not independently reviewed.,0,4,main,
0x8003ad2c,112,SYS_OBJ_2B44,,USER_DEFINED,library_signature,decompiler_output_only,Non-default name from ghidra_psx_ldr auto-analysis (PsyQ Signatures analyzer or GTE macro segment); not independently reviewed.,1,2,main,
0x8003ad9c,124,StoreImage2,,USER_DEFINED,library_signature,decompiler_output_only,Non-default name from ghidra_psx_ldr auto-analysis (PsyQ Signatures analyzer or GTE macro segment); not independently reviewed.,0,4,main,
0x8003ae18,112,SYS_OBJ_2C30,,USER_DEFINED,library_signature,decompiler_output_only,Non-default name from ghidra_psx_ldr auto-analysis (PsyQ Signatures analyzer or GTE macro segment); not independently reviewed.,1,2,main,
0x8003ae88,132,MoveImage2,,USER_DEFINED,library_signature,decompiler_output_only,Non-default name from ghidra_psx_ldr auto-analysis (PsyQ Signatures analyzer or GTE macro segment); not independently reviewed.,0,4,main,
0x8003af0c,168,SYS_OBJ_2D24,,USER_DEFINED,library_signature,decompiler_output_only,Non-default name from ghidra_psx_ldr auto-analysis (PsyQ Signatures analyzer or GTE macro segment); not independently reviewed.,1,3,main,
0x8003afb4,24,SYS_OBJ_2DCC,,USER_DEFINED,library_signature,decompiler_output_only,Non-default name from ghidra_psx_ldr auto-analysis (PsyQ Signatures analyzer or GTE macro segment); not independently reviewed.,1,0,main,
0x8003afcc,144,DrawOTag2,,USER_DEFINED,library_signature,decompiler_output_only,Non-default name from ghidra_psx_ldr auto-analysis (PsyQ Signatures analyzer or GTE macro segment); not independently reviewed.,0,4,main,
0x8003b05c,108,SYS_OBJ_2E74,,USER_DEFINED,library_signature,decompiler_output_only,Non-default name from ghidra_psx_ldr auto-analysis (PsyQ Signatures analyzer or GTE macro segment); not independently reviewed.,1,2,main,
0x8003b0c8,40,_GPU_ResetCallback,,USER_DEFINED,library_signature,decompiler_output_only,Non-default name from ghidra_psx_ldr auto-analysis (PsyQ Signatures analyzer or GTE macro segment); not independently reviewed.,0,1,main,
0x8003b0f0,36,SYS_OBJ_2F08,,IMPORTED,library_signature,decompiler_output_only,Non-default name from ghidra_psx_ldr auto-analysis (PsyQ Signatures analyzer or GTE macro segment); not independently reviewed.,3,0,main,
0x8003b118,120,SetDefDrawEnv,,IMPORTED,library_signature,decompiler_output_only,Non-default name from ghidra_psx_ldr auto-analysis (PsyQ Signatures analyzer or GTE macro segment); not independently reviewed.,2,2,main,
0x8003b190,60,E03_OBJ_78,,USER_DEFINED,library_signature,decompiler_output_only,Non-default name from ghidra_psx_ldr auto-analysis (PsyQ Signatures analyzer or GTE macro segment); not independently reviewed.,1,0,main,
0x8003b1d8,60,SetDefDispEnv,,IMPORTED,library_signature,decompiler_output_only,Non-default name from ghidra_psx_ldr auto-analysis (PsyQ Signatures analyzer or GTE macro segment); not independently reviewed.,2,0,main,
0x8003b218,60,AddPrim,,IMPORTED,library_signature,decompiler_output_only,Non-default name from ghidra_psx_ldr auto-analysis (PsyQ Signatures analyzer or GTE macro segment); not independently reviewed.,3,0,main,
0x8003b258,140,SetDrawMode,,IMPORTED,library_signature,decompiler_output_only,Non-default name from ghidra_psx_ldr auto-analysis (PsyQ Signatures analyzer or GTE macro segment); not independently reviewed.,1,1,main,
0x8003b2e4,8,P41_OBJ_8C,,USER_DEFINED,library_signature,decompiler_output_only,Non-default name from ghidra_psx_ldr auto-analysis (PsyQ Signatures analyzer or GTE macro segment); not independently reviewed.,1,0,main,
0x8003b2f8,12,_bu_init,,IMPORTED,library_signature,decompiler_output_only,Non-default name from ghidra_psx_ldr auto-analysis (PsyQ Signatures analyzer or GTE macro segment); not independently reviewed.,1,0,main,
0x8003b308,12,_card_info,,IMPORTED,library_signature,decompiler_output_only,Non-default name from ghidra_psx_ldr auto-analysis (PsyQ Signatures analyzer or GTE macro segment); not independently reviewed.,2,0,main,
0x8003b318,12,_card_load,,IMPORTED,library_signature,decompiler_output_only,Non-default name from ghidra_psx_ldr auto-analysis (PsyQ Signatures analyzer or GTE macro segment); not independently reviewed.,1,0,main,
0x8003b328,12,_card_auto,,IMPORTED,library_signature,decompiler_output_only,Non-default name from ghidra_psx_ldr auto-analysis (PsyQ Signatures analyzer or GTE macro segment); not independently reviewed.,1,0,main,
0x8003b338,52,_card_clear,,IMPORTED,library_signature,decompiler_output_only,Non-default name from ghidra_psx_ldr auto-analysis (PsyQ Signatures analyzer or GTE macro segment); not independently reviewed.,1,2,main,
0x8003b378,12,_card_write,,IMPORTED,library_signature,decompiler_output_only,Non-default name from ghidra_psx_ldr auto-analysis (PsyQ Signatures analyzer or GTE macro segment); not independently reviewed.,2,0,main,
0x8003b388,12,_new_card,,IMPORTED,library_signature,decompiler_output_only,Non-default name from ghidra_psx_ldr auto-analysis (PsyQ Signatures analyzer or GTE macro segment); not independently reviewed.,2,0,main,
0x8003b398,108,FUN_8003b398,,DEFAULT,unverified,decompiler_output_only,,1,8,main,
0x8003b404,56,FUN_8003b404,,DEFAULT,unverified,decompiler_output_only,,1,4,main,
0x8003b468,12,InitCARD2,,IMPORTED,library_signature,decompiler_output_only,Non-default name from ghidra_psx_ldr auto-analysis (PsyQ Signatures analyzer or GTE macro segment); not independently reviewed.,1,0,main,
0x8003b478,12,StartCARD2,,IMPORTED,library_signature,decompiler_output_only,Non-default name from ghidra_psx_ldr auto-analysis (PsyQ Signatures analyzer or GTE macro segment); not independently reviewed.,1,0,main,
0x8003b488,12,StopCARD2,,USER_DEFINED,library_signature,decompiler_output_only,Non-default name from ghidra_psx_ldr auto-analysis (PsyQ Signatures analyzer or GTE macro segment); not independently reviewed.,0,0,main,
0x8003b530,148,_patch_card,,IMPORTED,library_signature,decompiler_output_only,Non-default name from ghidra_psx_ldr auto-analysis (PsyQ Signatures analyzer or GTE macro segment); not independently reviewed.,1,2,main,
0x8003b5c4,112,_patch_card2,,IMPORTED,library_signature,decompiler_output_only,Non-default name from ghidra_psx_ldr auto-analysis (PsyQ Signatures analyzer or GTE macro segment); not independently reviewed.,1,2,main,
0x8003b634,52,_copy_memcard_patch,,IMPORTED,library_signature,decompiler_output_only,Non-default name from ghidra_psx_ldr auto-analysis (PsyQ Signatures analyzer or GTE macro segment); not independently reviewed.,1,0,main,
0x8003b6e8,240,FORMAT_OBJ_0,,IMPORTED,library_signature,decompiler_output_only,Non-default name from ghidra_psx_ldr auto-analysis (PsyQ Signatures analyzer or GTE macro segment); not independently reviewed.,1,7,main,
0x8003b7d8,84,FORMAT_OBJ_F0,,USER_DEFINED,library_signature,decompiler_output_only,Non-default name from ghidra_psx_ldr auto-analysis (PsyQ Signatures analyzer or GTE macro segment); not independently reviewed.,1,0,main,
0x8003b82c,476,_card_format,,IMPORTED,library_signature,decompiler_output_only,Non-default name from ghidra_psx_ldr auto-analysis (PsyQ Signatures analyzer or GTE macro segment); not independently reviewed.,1,3,main,
0x8003ba08,48,FORMAT_OBJ_320,,USER_DEFINED,library_signature,decompiler_output_only,Non-default name from ghidra_psx_ldr auto-analysis (PsyQ Signatures analyzer or GTE macro segment); not independently reviewed.,1,0,main,
0x8003ba38,12,_card_read,,IMPORTED,library_signature,decompiler_output_only,Non-default name from ghidra_psx_ldr auto-analysis (PsyQ Signatures analyzer or GTE macro segment); not independently reviewed.,1,0,main,
0x8003ba48,12,_card_status,,IMPORTED,library_signature,decompiler_output_only,Non-default name from ghidra_psx_ldr auto-analysis (PsyQ Signatures analyzer or GTE macro segment); not independently reviewed.,1,0,main,
0x8003ba58,12,exit,,USER_DEFINED,library_signature,decompiler_output_only,Non-default name from ghidra_psx_ldr auto-analysis (PsyQ Signatures analyzer or GTE macro segment); not independently reviewed.,0,0,main,
0x8003ba70,12,FUN_8003ba70,,DEFAULT,unverified,decompiler_output_only,,6,0,main,
0x8003ba88,12,setjmp,,IMPORTED,library_signature,decompiler_output_only,Non-default name from ghidra_psx_ldr auto-analysis (PsyQ Signatures analyzer or GTE macro segment); not independently reviewed.,1,0,main,
0x8003ba98,12,strcat,,IMPORTED,library_signature,decompiler_output_only,Non-default name from ghidra_psx_ldr auto-analysis (PsyQ Signatures analyzer or GTE macro segment); not independently reviewed.,4,0,main,
0x8003baa8,12,strcpy,,IMPORTED,library_signature,decompiler_output_only,Non-default name from ghidra_psx_ldr auto-analysis (PsyQ Signatures analyzer or GTE macro segment); not independently reviewed.,8,0,main,
0x8003bab8,12,strlen,,IMPORTED,library_signature,decompiler_output_only,Non-default name from ghidra_psx_ldr auto-analysis (PsyQ Signatures analyzer or GTE macro segment); not independently reviewed.,3,0,main,
0x8003bac8,12,bzero,,IMPORTED,library_signature,decompiler_output_only,Non-default name from ghidra_psx_ldr auto-analysis (PsyQ Signatures analyzer or GTE macro segment); not independently reviewed.,41,0,main,
0x8003bad8,12,memcpy,,IMPORTED,library_signature,decompiler_output_only,Non-default name from ghidra_psx_ldr auto-analysis (PsyQ Signatures analyzer or GTE macro segment); not independently reviewed.,5,0,main,
0x8003bae8,12,printf,,IMPORTED,library_signature,decompiler_output_only,Non-default name from ghidra_psx_ldr auto-analysis (PsyQ Signatures analyzer or GTE macro segment); not independently reviewed.,38,0,main,
0x8003baf8,12,InitHeap,,IMPORTED,library_signature,decompiler_output_only,Non-default name from ghidra_psx_ldr auto-analysis (PsyQ Signatures analyzer or GTE macro segment); not independently reviewed.,1,0,main,"Call site in stup1 (manually reviewed 2026-07-13) passes (heap_start, heap_size) computed from linker-provided bounds, matching the standard PsyQ InitHeap(void *addr, size_t size) signature -- consistent with the name, but this function's own body has not been read yet."
0x8003bb08,12,FlushCache,,IMPORTED,library_signature,decompiler_output_only,Non-default name from ghidra_psx_ldr auto-analysis (PsyQ Signatures analyzer or GTE macro segment); not independently reviewed.,5,0,main,
0x8003bb18,12,GPU_cw,,IMPORTED,library_signature,decompiler_output_only,Non-default name from ghidra_psx_ldr auto-analysis (PsyQ Signatures analyzer or GTE macro segment); not independently reviewed.,1,0,main,
0x8003bb30,12,FUN_8003bb30,,DEFAULT,unverified,decompiler_output_only,,1,0,main,
0x8003bb48,12,DeliverEvent,,IMPORTED,library_signature,decompiler_output_only,Non-default name from ghidra_psx_ldr auto-analysis (PsyQ Signatures analyzer or GTE macro segment); not independently reviewed.,4,0,main,
0x8003bb58,12,OpenEvent,,IMPORTED,library_signature,decompiler_output_only,Non-default name from ghidra_psx_ldr auto-analysis (PsyQ Signatures analyzer or GTE macro segment); not independently reviewed.,3,0,main,
0x8003bb68,12,CloseEvent,,USER_DEFINED,library_signature,decompiler_output_only,Non-default name from ghidra_psx_ldr auto-analysis (PsyQ Signatures analyzer or GTE macro segment); not independently reviewed.,0,0,main,
0x8003bb78,12,WaitEvent,,IMPORTED,library_signature,decompiler_output_only,Non-default name from ghidra_psx_ldr auto-analysis (PsyQ Signatures analyzer or GTE macro segment); not independently reviewed.,1,0,main,
0x8003bb88,12,TestEvent,,IMPORTED,library_signature,decompiler_output_only,Non-default name from ghidra_psx_ldr auto-analysis (PsyQ Signatures analyzer or GTE macro segment); not independently reviewed.,6,0,main,
0x8003bb98,12,EnableEvent,,IMPORTED,library_signature,decompiler_output_only,Non-default name from ghidra_psx_ldr auto-analysis (PsyQ Signatures analyzer or GTE macro segment); not independently reviewed.,3,0,main,
0x8003bba8,12,DisableEvent,,USER_DEFINED,library_signature,decompiler_output_only,Non-default name from ghidra_psx_ldr auto-analysis (PsyQ Signatures analyzer or GTE macro segment); not independently reviewed.,0,0,main,
0x8003bbb8,12,ReturnFromException,,IMPORTED,library_signature,decompiler_output_only,Non-default name from ghidra_psx_ldr auto-analysis (PsyQ Signatures analyzer or GTE macro segment); not independently reviewed.,2,0,main,
0x8003bbc8,12,ResetEntryInt,,IMPORTED,library_signature,decompiler_output_only,Non-default name from ghidra_psx_ldr auto-analysis (PsyQ Signatures analyzer or GTE macro segment); not independently reviewed.,1,0,main,
0x8003bbd8,12,HookEntryInt,,IMPORTED,library_signature,decompiler_output_only,Non-default name from ghidra_psx_ldr auto-analysis (PsyQ Signatures analyzer or GTE macro segment); not independently reviewed.,2,0,main,
0x8003bbe8,16,FUN_8003bbe8,,DEFAULT,unverified,decompiler_output_only,,19,0,main,
0x8003bbf8,16,FUN_8003bbf8,,DEFAULT,unverified,decompiler_output_only,,17,0,main,
0x8003bc08,12,open,,IMPORTED,library_signature,decompiler_output_only,Non-default name from ghidra_psx_ldr auto-analysis (PsyQ Signatures analyzer or GTE macro segment); not independently reviewed.,1,0,main,
0x8003bc18,12,lseek,,IMPORTED,library_signature,decompiler_output_only,Non-default name from ghidra_psx_ldr auto-analysis (PsyQ Signatures analyzer or GTE macro segment); not independently reviewed.,1,0,main,
0x8003bc28,12,read,,IMPORTED,library_signature,decompiler_output_only,Non-default name from ghidra_psx_ldr auto-analysis (PsyQ Signatures analyzer or GTE macro segment); not independently reviewed.,1,0,main,
0x8003bc38,12,write,,IMPORTED,library_signature,decompiler_output_only,Non-default name from ghidra_psx_ldr auto-analysis (PsyQ Signatures analyzer or GTE macro segment); not independently reviewed.,1,0,main,
0x8003bc48,12,nextfile,,IMPORTED,library_signature,decompiler_output_only,Non-default name from ghidra_psx_ldr auto-analysis (PsyQ Signatures analyzer or GTE macro segment); not independently reviewed.,2,0,main,
0x8003bc58,12,rename,,USER_DEFINED,library_signature,decompiler_output_only,Non-default name from ghidra_psx_ldr auto-analysis (PsyQ Signatures analyzer or GTE macro segment); not independently reviewed.,0,0,main,
0x8003bc68,12,erase,,USER_DEFINED,library_signature,decompiler_output_only,Non-default name from ghidra_psx_ldr auto-analysis (PsyQ Signatures analyzer or GTE macro segment); not independently reviewed.,0,0,main,
0x8003bc78,12,Krom2RawAdd,,IMPORTED,library_signature,decompiler_output_only,Non-default name from ghidra_psx_ldr auto-analysis (PsyQ Signatures analyzer or GTE macro segment); not independently reviewed.,1,0,main,
0x8003bc88,12,ChangeClearPAD,,IMPORTED,library_signature,decompiler_output_only,Non-default name from ghidra_psx_ldr auto-analysis (PsyQ Signatures analyzer or GTE macro segment); not independently reviewed.,7,0,main,
0x8003bc98,12,ChangeClearRCnt,,IMPORTED,library_signature,decompiler_output_only,Non-default name from ghidra_psx_ldr auto-analysis (PsyQ Signatures analyzer or GTE macro segment); not independently reviewed.,4,0,main,
0x8003bca8,116,SetRCnt,,IMPORTED,library_signature,decompiler_output_only,Non-default name from ghidra_psx_ldr auto-analysis (PsyQ Signatures analyzer or GTE macro segment); not independently reviewed.,2,2,main,
0x8003bd1c,32,COUNTER_OBJ_74,,USER_DEFINED,library_signature,decompiler_output_only,Non-default name from ghidra_psx_ldr auto-analysis (PsyQ Signatures analyzer or GTE macro segment); not independently reviewed.,1,0,main,
0x8003bd3c,8,COUNTER_OBJ_94,,USER_DEFINED,library_signature,decompiler_output_only,Non-default name from ghidra_psx_ldr auto-analysis (PsyQ Signatures analyzer or GTE macro segment); not independently reviewed.,1,0,main,
0x8003bd44,48,GetRCnt,,IMPORTED,library_signature,decompiler_output_only,Non-default name from ghidra_psx_ldr auto-analysis (PsyQ Signatures analyzer or GTE macro segment); not independently reviewed.,1,1,main,
0x8003bd74,8,COUNTER_OBJ_CC,,USER_DEFINED,library_signature,decompiler_output_only,Non-default name from ghidra_psx_ldr auto-analysis (PsyQ Signatures analyzer or GTE macro segment); not independently reviewed.,1,0,main,
0x8003bd7c,48,StartRCnt,,IMPORTED,library_signature,decompiler_output_only,Non-default name from ghidra_psx_ldr auto-analysis (PsyQ Signatures analyzer or GTE macro segment); not independently reviewed.,1,0,main,
0x8003bdac,52,StopRCnt,,USER_DEFINED,library_signature,decompiler_output_only,Non-default name from ghidra_psx_ldr auto-analysis (PsyQ Signatures analyzer or GTE macro segment); not independently reviewed.,0,0,main,
0x8003bde0,44,ResetRCnt,,IMPORTED,library_signature,decompiler_output_only,Non-default name from ghidra_psx_ldr auto-analysis (PsyQ Signatures analyzer or GTE macro segment); not independently reviewed.,2,1,main,
0x8003be0c,8,COUNTER_OBJ_164,,USER_DEFINED,library_signature,decompiler_output_only,Non-default name from ghidra_psx_ldr auto-analysis (PsyQ Signatures analyzer or GTE macro segment); not independently reviewed.,1,0,main,
0x8003be18,208,firstfile,,IMPORTED,library_signature,decompiler_output_only,Non-default name from ghidra_psx_ldr auto-analysis (PsyQ Signatures analyzer or GTE macro segment); not independently reviewed.,3,1,main,
0x8003bee8,144,FIRST_OBJ_D0,,USER_DEFINED,library_signature,decompiler_output_only,Non-default name from ghidra_psx_ldr auto-analysis (PsyQ Signatures analyzer or GTE macro segment); not independently reviewed.,0,3,main,
0x8003bf8c,12,FIRST_OBJ_174,,USER_DEFINED,library_signature,decompiler_output_only,Non-default name from ghidra_psx_ldr auto-analysis (PsyQ Signatures analyzer or GTE macro segment); not independently reviewed.,1,1,main,
0x8003bf98,28,FIRST_OBJ_180,,USER_DEFINED,library_signature,decompiler_output_only,Non-default name from ghidra_psx_ldr auto-analysis (PsyQ Signatures analyzer or GTE macro segment); not independently reviewed.,1,0,main,
0x8003bfb4,192,FIRST_OBJ_19C,,USER_DEFINED,library_signature,decompiler_output_only,Non-default name from ghidra_psx_ldr auto-analysis (PsyQ Signatures analyzer or GTE macro segment); not independently reviewed.,0,2,main,
0x8003c074,64,FIRST_OBJ_25C,,USER_DEFINED,library_signature,decompiler_output_only,Non-default name from ghidra_psx_ldr auto-analysis (PsyQ Signatures analyzer or GTE macro segment); not independently reviewed.,1,0,main,
0x8003c0b8,12,strcmp,,IMPORTED,library_signature,decompiler_output_only,Non-default name from ghidra_psx_ldr auto-analysis (PsyQ Signatures analyzer or GTE macro segment); not independently reviewed.,6,0,main,
0x8003c0c8,12,firstfile2,,IMPORTED,library_signature,decompiler_output_only,Non-default name from ghidra_psx_ldr auto-analysis (PsyQ Signatures analyzer or GTE macro segment); not independently reviewed.,1,0,main,
0x8003c0d8,12,SetInitPadFlag,,USER_DEFINED,library_signature,decompiler_output_only,Non-default name from ghidra_psx_ldr auto-analysis (PsyQ Signatures analyzer or GTE macro segment); not independently reviewed.,0,0,main,
0x8003c0e4,16,ReadInitPadFlag,,IMPORTED,library_signature,decompiler_output_only,Non-default name from ghidra_psx_ldr auto-analysis (PsyQ Signatures analyzer or GTE macro segment); not independently reviewed.,1,0,main,
0x8003c0f4,144,PAD_init,,USER_DEFINED,library_signature,decompiler_output_only,Non-default name from ghidra_psx_ldr auto-analysis (PsyQ Signatures analyzer or GTE macro segment); not independently reviewed.,0,7,main,
0x8003c184,144,InitPAD,,USER_DEFINED,library_signature,decompiler_output_only,Non-default name from ghidra_psx_ldr auto-analysis (PsyQ Signatures analyzer or GTE macro segment); not independently reviewed.,0,7,main,
0x8003c214,48,StartPAD,,USER_DEFINED,library_signature,decompiler_output_only,Non-default name from ghidra_psx_ldr auto-analysis (PsyQ Signatures analyzer or GTE macro segment); not independently reviewed.,0,3,main,
0x8003c244,56,StopPAD,,USER_DEFINED,library_signature,decompiler_output_only,Non-default name from ghidra_psx_ldr auto-analysis (PsyQ Signatures analyzer or GTE macro segment); not independently reviewed.,0,3,main,
0x8003c27c,120,PAD_OBJ_1A4,,USER_DEFINED,library_signature,decompiler_output_only,Non-default name from ghidra_psx_ldr auto-analysis (PsyQ Signatures analyzer or GTE macro segment); not independently reviewed.,2,4,main,
0x8003c2f4,56,PAD_OBJ_21C,,USER_DEFINED,library_signature,decompiler_output_only,Non-default name from ghidra_psx_ldr auto-analysis (PsyQ Signatures analyzer or GTE macro segment); not independently reviewed.,1,3,main,
0x8003c32c,104,PAD_OBJ_254,,USER_DEFINED,library_signature,decompiler_output_only,Non-default name from ghidra_psx_ldr auto-analysis (PsyQ Signatures analyzer or GTE macro segment); not independently reviewed.,0,0,main,
0x8003c394,64,PAD_OBJ_2BC,,USER_DEFINED,library_signature,decompiler_output_only,Non-default name from ghidra_psx_ldr auto-analysis (PsyQ Signatures analyzer or GTE macro segment); not independently reviewed.,0,0,main,
0x8003c3d8,12,InitPAD2,,USER_DEFINED,library_signature,decompiler_output_only,Non-default name from ghidra_psx_ldr auto-analysis (PsyQ Signatures analyzer or GTE macro segment); not independently reviewed.,1,0,main,
0x8003c3e8,12,StartPAD2,,USER_DEFINED,library_signature,decompiler_output_only,Non-default name from ghidra_psx_ldr auto-analysis (PsyQ Signatures analyzer or GTE macro segment); not independently reviewed.,1,0,main,
0x8003c3f8,12,StopPAD2,,USER_DEFINED,library_signature,decompiler_output_only,Non-default name from ghidra_psx_ldr auto-analysis (PsyQ Signatures analyzer or GTE macro segment); not independently reviewed.,1,0,main,
0x8003c408,12,PAD_init2,,USER_DEFINED,library_signature,decompiler_output_only,Non-default name from ghidra_psx_ldr auto-analysis (PsyQ Signatures analyzer or GTE macro segment); not independently reviewed.,1,0,main,
0x8003c418,12,SysEnqIntRP,,IMPORTED,library_signature,decompiler_output_only,Non-default name from ghidra_psx_ldr auto-analysis (PsyQ Signatures analyzer or GTE macro segment); not independently reviewed.,2,0,main,
0x8003c428,12,SysDeqIntRP,,IMPORTED,library_signature,decompiler_output_only,Non-default name from ghidra_psx_ldr auto-analysis (PsyQ Signatures analyzer or GTE macro segment); not independently reviewed.,4,0,main,
0x8003c438,20,EnablePAD,,USER_DEFINED,library_signature,decompiler_output_only,Non-default name from ghidra_psx_ldr auto-analysis (PsyQ Signatures analyzer or GTE macro segment); not independently reviewed.,1,0,main,
0x8003c44c,20,DisablePAD,,USER_DEFINED,library_signature,decompiler_output_only,Non-default name from ghidra_psx_ldr auto-analysis (PsyQ Signatures analyzer or GTE macro segment); not independently reviewed.,1,0,main,
0x8003c460,112,_patch_pad,,USER_DEFINED,library_signature,decompiler_output_only,Non-default name from ghidra_psx_ldr auto-analysis (PsyQ Signatures analyzer or GTE macro segment); not independently reviewed.,2,2,main,
0x8003c4d8,104,_remove_ChgclrPAD,,USER_DEFINED,library_signature,decompiler_output_only,Non-default name from ghidra_psx_ldr auto-analysis (PsyQ Signatures analyzer or GTE macro segment); not independently reviewed.,2,3,main,
0x8003c548,32,PadChkVsync,,USER_DEFINED,library_signature,decompiler_output_only,Non-default name from ghidra_psx_ldr auto-analysis (PsyQ Signatures analyzer or GTE macro segment); not independently reviewed.,0,1,main,
0x8003c568,32,PadStartCom,,IMPORTED,library_signature,decompiler_output_only,Non-default name from ghidra_psx_ldr auto-analysis (PsyQ Signatures analyzer or GTE macro segment); not independently reviewed.,1,1,main,
0x8003c588,32,PadStopCom,,USER_DEFINED,library_signature,decompiler_output_only,Non-default name from ghidra_psx_ldr auto-analysis (PsyQ Signatures analyzer or GTE macro segment); not independently reviewed.,0,1,main,
0x8003c5a8,68,PadChkMtap,,USER_DEFINED,library_signature,decompiler_output_only,Non-default name from ghidra_psx_ldr auto-analysis (PsyQ Signatures analyzer or GTE macro segment); not independently reviewed.,0,1,main,
0x8003c5ec,8,PADENTRY_OBJ_A4,,USER_DEFINED,library_signature,decompiler_output_only,Non-default name from ghidra_psx_ldr auto-analysis (PsyQ Signatures analyzer or GTE macro segment); not independently reviewed.,1,0,main,
0x8003c5f4,184,PadGetState,,IMPORTED,library_signature,decompiler_output_only,Non-default name from ghidra_psx_ldr auto-analysis (PsyQ Signatures analyzer or GTE macro segment); not independently reviewed.,1,2,main,
0x8003c6ac,4,PADENTRY_OBJ_164,,USER_DEFINED,library_signature,decompiler_output_only,Non-default name from ghidra_psx_ldr auto-analysis (PsyQ Signatures analyzer or GTE macro segment); not independently reviewed.,1,0,main,
0x8003c6b0,16,PADENTRY_OBJ_168,,USER_DEFINED,library_signature,decompiler_output_only,Non-default name from ghidra_psx_ldr auto-analysis (PsyQ Signatures analyzer or GTE macro segment); not independently reviewed.,1,0,main,
0x8003c6c0,228,PadInfoMode,,IMPORTED,library_signature,decompiler_output_only,Non-default name from ghidra_psx_ldr auto-analysis (PsyQ Signatures analyzer or GTE macro segment); not independently reviewed.,1,1,main,
0x8003c7a4,20,PADENTRY_OBJ_25C,,USER_DEFINED,library_signature,decompiler_output_only,Non-default name from ghidra_psx_ldr auto-analysis (PsyQ Signatures analyzer or GTE macro segment); not independently reviewed.,1,0,main,
0x8003c7b8,132,PadInfoAct,,USER_DEFINED,library_signature,decompiler_output_only,Non-default name from ghidra_psx_ldr auto-analysis (PsyQ Signatures analyzer or GTE macro segment); not independently reviewed.,0,1,main,
0x8003c838,12,PADENTRY_OBJ_2F0,,USER_DEFINED,library_signature,decompiler_output_only,Non-default name from ghidra_psx_ldr auto-analysis (PsyQ Signatures analyzer or GTE macro segment); not independently reviewed.,0,1,main,
0x8003c844,12,PADENTRY_OBJ_2FC,,USER_DEFINED,library_signature,decompiler_output_only,Non-default name from ghidra_psx_ldr auto-analysis (PsyQ Signatures analyzer or GTE macro segment); not independently reviewed.,0,1,main,
0x8003c850,12,PADENTRY_OBJ_308,,USER_DEFINED,library_signature,decompiler_output_only,Non-default name from ghidra_psx_ldr auto-analysis (PsyQ Signatures analyzer or GTE macro segment); not independently reviewed.,0,1,main,
0x8003c85c,12,PADENTRY_OBJ_314,,USER_DEFINED,library_signature,decompiler_output_only,Non-default name from ghidra_psx_ldr auto-analysis (PsyQ Signatures analyzer or GTE macro segment); not independently reviewed.,0,1,main,
0x8003c868,12,PADENTRY_OBJ_320,,USER_DEFINED,library_signature,decompiler_output_only,Non-default name from ghidra_psx_ldr auto-analysis (PsyQ Signatures analyzer or GTE macro segment); not independently reviewed.,0,1,main,
0x8003c878,20,PADENTRY_OBJ_330,,USER_DEFINED,library_signature,decompiler_output_only,Non-default name from ghidra_psx_ldr auto-analysis (PsyQ Signatures analyzer or GTE macro segment); not independently reviewed.,6,0,main,
0x8003c88c,148,PadInfoComb,,USER_DEFINED,library_signature,decompiler_output_only,Non-default name from ghidra_psx_ldr auto-analysis (PsyQ Signatures analyzer or GTE macro segment); not independently reviewed.,0,1,main,
0x8003c920,20,PADENTRY_OBJ_3D8,,USER_DEFINED,library_signature,decompiler_output_only,Non-default name from ghidra_psx_ldr auto-analysis (PsyQ Signatures analyzer or GTE macro segment); not independently reviewed.,1,0,main,
0x8003c934,56,PadSetActAlign,,IMPORTED,library_signature,decompiler_output_only,Non-default name from ghidra_psx_ldr auto-analysis (PsyQ Signatures analyzer or GTE macro segment); not independently reviewed.,1,1,main,
0x8003c96c,72,PadSetMainMode,,USER_DEFINED,library_signature,decompiler_output_only,Non-default name from ghidra_psx_ldr auto-analysis (PsyQ Signatures analyzer or GTE macro segment); not independently reviewed.,0,1,main,
0x8003c9b4,72,PadSetAct,,IMPORTED,library_signature,decompiler_output_only,Non-default name from ghidra_psx_ldr auto-analysis (PsyQ Signatures analyzer or GTE macro segment); not independently reviewed.,1,1,main,
0x8003ca08,152,PadEnableCom,,USER_DEFINED,library_signature,decompiler_output_only,Non-default name from ghidra_psx_ldr auto-analysis (PsyQ Signatures analyzer or GTE macro segment); not independently reviewed.,0,1,main,
0x8003caa0,88,PADMAIN_OBJ_98,,USER_DEFINED,library_signature,decompiler_output_only,Non-default name from ghidra_psx_ldr auto-analysis (PsyQ Signatures analyzer or GTE macro segment); not independently reviewed.,1,1,main,
0x8003caf8,40,PADMAIN_OBJ_F0,,USER_DEFINED,library_signature,decompiler_output_only,Non-default name from ghidra_psx_ldr auto-analysis (PsyQ Signatures analyzer or GTE macro segment); not independently reviewed.,1,0,main,
0x8003cb20,44,_padSetVsyncParam,,IMPORTED,library_signature,decompiler_output_only,Non-default name from ghidra_psx_ldr auto-analysis (PsyQ Signatures analyzer or GTE macro segment); not independently reviewed.,1,0,main,
0x8003cb4c,104,PADMAIN_OBJ_144,,USER_DEFINED,library_signature,decompiler_output_only,Non-default name from ghidra_psx_ldr auto-analysis (PsyQ Signatures analyzer or GTE macro segment); not independently reviewed.,0,0,main,
0x8003cbb4,384,PADMAIN_OBJ_1AC,,USER_DEFINED,library_signature,decompiler_output_only,Non-default name from ghidra_psx_ldr auto-analysis (PsyQ Signatures analyzer or GTE macro segment); not independently reviewed.,0,3,main,
0x8003cd34,16,PADMAIN_OBJ_32C,,USER_DEFINED,library_signature,decompiler_output_only,Non-default name from ghidra_psx_ldr auto-analysis (PsyQ Signatures analyzer or GTE macro segment); not independently reviewed.,1,0,main,
0x8003cd44,20,_padChkVsync,,USER_DEFINED,library_signature,decompiler_output_only,Non-default name from ghidra_psx_ldr auto-analysis (PsyQ Signatures analyzer or GTE macro segment); not independently reviewed.,1,0,main,
0x8003cd58,204,_padStartCom,,IMPORTED,library_signature,decompiler_output_only,Non-default name from ghidra_psx_ldr auto-analysis (PsyQ Signatures analyzer or GTE macro segment); not independently reviewed.,1,5,main,
0x8003ce24,68,_padStopCom,,USER_DEFINED,library_signature,decompiler_output_only,Non-default name from ghidra_psx_ldr auto-analysis (PsyQ Signatures analyzer or GTE macro segment); not independently reviewed.,1,4,main,
0x8003ce68,524,_padInitSioMode,,IMPORTED,library_signature,decompiler_output_only,Non-default name from ghidra_psx_ldr auto-analysis (PsyQ Signatures analyzer or GTE macro segment); not independently reviewed.,2,5,main,
0x8003d074,124,PADMAIN_OBJ_66C,,USER_DEFINED,library_signature,decompiler_output_only,Non-default name from ghidra_psx_ldr auto-analysis (PsyQ Signatures analyzer or GTE macro segment); not independently reviewed.,1,5,main,
0x8003d0f0,100,PADMAIN_OBJ_6E8,,USER_DEFINED,library_signature,decompiler_output_only,Non-default name from ghidra_psx_ldr auto-analysis (PsyQ Signatures analyzer or GTE macro segment); not independently reviewed.,1,4,main,
0x8003d188,20,PADMAIN_OBJ_780,,USER_DEFINED,library_signature,decompiler_output_only,Non-default name from ghidra_psx_ldr auto-analysis (PsyQ Signatures analyzer or GTE macro segment); not independently reviewed.,1,0,main,
0x8003d19c,224,PADMAIN_OBJ_794,,IMPORTED,library_signature,decompiler_output_only,Non-default name from ghidra_psx_ldr auto-analysis (PsyQ Signatures analyzer or GTE macro segment); not independently reviewed.,1,3,main,
0x8003d27c,16,PADMAIN_OBJ_874,,USER_DEFINED,library_signature,decompiler_output_only,Non-default name from ghidra_psx_ldr auto-analysis (PsyQ Signatures analyzer or GTE macro segment); not independently reviewed.,1,0,main,
0x8003d28c,500,_padSioRW,,IMPORTED,library_signature,decompiler_output_only,Non-default name from ghidra_psx_ldr auto-analysis (PsyQ Signatures analyzer or GTE macro segment); not independently reviewed.,1,2,main,
0x8003d480,28,PADMAIN_OBJ_A78,,USER_DEFINED,library_signature,decompiler_output_only,Non-default name from ghidra_psx_ldr auto-analysis (PsyQ Signatures analyzer or GTE macro segment); not independently reviewed.,1,0,main,
0x8003d49c,188,_padSioRW2,,IMPORTED,library_signature,decompiler_output_only,Non-default name from ghidra_psx_ldr auto-analysis (PsyQ Signatures analyzer or GTE macro segment); not independently reviewed.,4,2,main,
0x8003d558,136,PADMAIN_OBJ_B50,,USER_DEFINED,library_signature,decompiler_output_only,Non-default name from ghidra_psx_ldr auto-analysis (PsyQ Signatures analyzer or GTE macro segment); not independently reviewed.,1,1,main,
0x8003d5e0,280,PADMAIN_OBJ_BD8,,USER_DEFINED,library_signature,decompiler_output_only,Non-default name from ghidra_psx_ldr auto-analysis (PsyQ Signatures analyzer or GTE macro segment); not independently reviewed.,1,3,main,
0x8003d6f8,28,PADMAIN_OBJ_CF0,,USER_DEFINED,library_signature,decompiler_output_only,Non-default name from ghidra_psx_ldr auto-analysis (PsyQ Signatures analyzer or GTE macro segment); not independently reviewed.,1,0,main,
0x8003d714,144,_padClrIntSio0,,IMPORTED,library_signature,decompiler_output_only,Non-default name from ghidra_psx_ldr auto-analysis (PsyQ Signatures analyzer or GTE macro segment); not independently reviewed.,6,1,main,
0x8003d7a4,40,_padWaitRXready,,IMPORTED,library_signature,decompiler_output_only,Non-default name from ghidra_psx_ldr auto-analysis (PsyQ Signatures analyzer or GTE macro segment); not independently reviewed.,4,0,main,
0x8003d7d8,12,_padSetAct,,IMPORTED,library_signature,decompiler_output_only,Non-default name from ghidra_psx_ldr auto-analysis (PsyQ Signatures analyzer or GTE macro segment); not independently reviewed.,1,0,main,
0x8003d7e4,16,_padSetCmd,,USER_DEFINED,library_signature,decompiler_output_only,Non-default name from ghidra_psx_ldr auto-analysis (PsyQ Signatures analyzer or GTE macro segment); not independently reviewed.,0,0,main,
0x8003d7f4,116,_padSendAtLoadInfo,,IMPORTED,library_signature,decompiler_output_only,Non-default name from ghidra_psx_ldr auto-analysis (PsyQ Signatures analyzer or GTE macro segment); not independently reviewed.,1,4,main,
0x8003d868,16,PADCMD_OBJ_90,,USER_DEFINED,library_signature,decompiler_output_only,Non-default name from ghidra_psx_ldr auto-analysis (PsyQ Signatures analyzer or GTE macro segment); not independently reviewed.,1,0,main,
0x8003d878,192,_padRecvAtLoadInfo,,IMPORTED,library_signature,decompiler_output_only,Non-default name from ghidra_psx_ldr auto-analysis (PsyQ Signatures analyzer or GTE macro segment); not independently reviewed.,1,2,main,
0x8003d938,76,PADCMD_OBJ_160,,USER_DEFINED,library_signature,decompiler_output_only,Non-default name from ghidra_psx_ldr auto-analysis (PsyQ Signatures analyzer or GTE macro segment); not independently reviewed.,1,1,main,
0x8003d9d0,8,PADCMD_OBJ_1F8,,USER_DEFINED,library_signature,decompiler_output_only,Non-default name from ghidra_psx_ldr auto-analysis (PsyQ Signatures analyzer or GTE macro segment); not independently reviewed.,0,0,main,
0x8003dad4,4,PADCMD_OBJ_2FC,,USER_DEFINED,library_signature,decompiler_output_only,Non-default name from ghidra_psx_ldr auto-analysis (PsyQ Signatures analyzer or GTE macro segment); not independently reviewed.,1,0,main,
0x8003dad8,16,PADCMD_OBJ_300,,USER_DEFINED,library_signature,decompiler_output_only,Non-default name from ghidra_psx_ldr auto-analysis (PsyQ Signatures analyzer or GTE macro segment); not independently reviewed.,1,0,main,
0x8003dae8,56,_padGetActSize,,IMPORTED,library_signature,decompiler_output_only,Non-default name from ghidra_psx_ldr auto-analysis (PsyQ Signatures analyzer or GTE macro segment); not independently reviewed.,0,0,main,
0x8003db20,192,_padLoadActInfo,,IMPORTED,library_signature,decompiler_output_only,Non-default name from ghidra_psx_ldr auto-analysis (PsyQ Signatures analyzer or GTE macro segment); not independently reviewed.,0,1,main,
0x8003dbe0,20,PADCMD_OBJ_408,,USER_DEFINED,library_signature,decompiler_output_only,Non-default name from ghidra_psx_ldr auto-analysis (PsyQ Signatures analyzer or GTE macro segment); not independently reviewed.,1,0,main,
0x8003dbf4,152,PADCMD_OBJ_41C,,USER_DEFINED,library_signature,decompiler_output_only,Non-default name from ghidra_psx_ldr auto-analysis (PsyQ Signatures analyzer or GTE macro segment); not independently reviewed.,0,5,main,
0x8003dc8c,16,PADCMD_OBJ_4B4,,USER_DEFINED,library_signature,decompiler_output_only,Non-default name from ghidra_psx_ldr auto-analysis (PsyQ Signatures analyzer or GTE macro segment); not independently reviewed.,1,0,main,
0x8003dc9c,180,PADCMD_OBJ_4C4,,USER_DEFINED,library_signature,decompiler_output_only,Non-default name from ghidra_psx_ldr auto-analysis (PsyQ Signatures analyzer or GTE macro segment); not independently reviewed.,0,1,main,
0x8003dd50,8,PADCMD_OBJ_578,,USER_DEFINED,library_signature,decompiler_output_only,Non-default name from ghidra_psx_ldr auto-analysis (PsyQ Signatures analyzer or GTE macro segment); not independently reviewed.,0,0,main,
0x8003de34,172,PADCMD_OBJ_65C,,USER_DEFINED,library_signature,decompiler_output_only,Non-default name from ghidra_psx_ldr auto-analysis (PsyQ Signatures analyzer or GTE macro segment); not independently reviewed.,0,1,main,
0x8003df5c,24,PADCMD_OBJ_784,,USER_DEFINED,library_signature,decompiler_output_only,Non-default name from ghidra_psx_ldr auto-analysis (PsyQ Signatures analyzer or GTE macro segment); not independently reviewed.,0,1,main,
0x8003df80,264,PADCMD_OBJ_7A8,,USER_DEFINED,library_signature,decompiler_output_only,Non-default name from ghidra_psx_ldr auto-analysis (PsyQ Signatures analyzer or GTE macro segment); not independently reviewed.,1,1,main,
0x8003e088,4,PADCMD_OBJ_8B0,,USER_DEFINED,library_signature,decompiler_output_only,Non-default name from ghidra_psx_ldr auto-analysis (PsyQ Signatures analyzer or GTE macro segment); not independently reviewed.,1,0,main,
0x8003e08c,8,PADCMD_OBJ_8B4,,USER_DEFINED,library_signature,decompiler_output_only,Non-default name from ghidra_psx_ldr auto-analysis (PsyQ Signatures analyzer or GTE macro segment); not independently reviewed.,2,0,main,
0x8003e094,104,_padSetActAlign,,IMPORTED,library_signature,decompiler_output_only,Non-default name from ghidra_psx_ldr auto-analysis (PsyQ Signatures analyzer or GTE macro segment); not independently reviewed.,1,0,main,
0x8003e0fc,28,PADCMD_OBJ_924,,USER_DEFINED,library_signature,decompiler_output_only,Non-default name from ghidra_psx_ldr auto-analysis (PsyQ Signatures analyzer or GTE macro segment); not independently reviewed.,0,0,main,
0x8003e118,148,PADCMD_OBJ_940,,USER_DEFINED,library_signature,decompiler_output_only,Non-default name from ghidra_psx_ldr auto-analysis (PsyQ Signatures analyzer or GTE macro segment); not independently reviewed.,0,1,main,
0x8003e1ac,52,PADCMD_OBJ_9D4,,USER_DEFINED,library_signature,decompiler_output_only,Non-default name from ghidra_psx_ldr auto-analysis (PsyQ Signatures analyzer or GTE macro segment); not independently reviewed.,1,0,main,
0x8003e1e0,152,_padSetMainMode,,USER_DEFINED,library_signature,decompiler_output_only,Non-default name from ghidra_psx_ldr auto-analysis (PsyQ Signatures analyzer or GTE macro segment); not independently reviewed.,1,0,main,
0x8003e278,76,PADCMD_OBJ_AA0,,USER_DEFINED,library_signature,decompiler_output_only,Non-default name from ghidra_psx_ldr auto-analysis (PsyQ Signatures analyzer or GTE macro segment); not independently reviewed.,0,1,main,
0x8003e2c4,8,PADCMD_OBJ_AEC,,USER_DEFINED,library_signature,decompiler_output_only,Non-default name from ghidra_psx_ldr auto-analysis (PsyQ Signatures analyzer or GTE macro segment); not independently reviewed.,1,0,main,
0x8003e2cc,76,PADCMD_OBJ_AF4,,USER_DEFINED,library_signature,decompiler_output_only,Non-default name from ghidra_psx_ldr auto-analysis (PsyQ Signatures analyzer or GTE macro segment); not independently reviewed.,0,2,main,
0x8003e318,4,PADCMD_OBJ_B40,,USER_DEFINED,library_signature,decompiler_output_only,Non-default name from ghidra_psx_ldr auto-analysis (PsyQ Signatures analyzer or GTE macro segment); not independently reviewed.,1,0,main,
0x8003e31c,16,PADCMD_OBJ_B44,,USER_DEFINED,library_signature,decompiler_output_only,Non-default name from ghidra_psx_ldr auto-analysis (PsyQ Signatures analyzer or GTE macro segment); not independently reviewed.,1,0,main,
0x8003e32c,32,_padCmdParaMode,,IMPORTED,library_signature,decompiler_output_only,Non-default name from ghidra_psx_ldr auto-analysis (PsyQ Signatures analyzer or GTE macro segment); not independently reviewed.,1,0,main,
0x8003e34c,20,PADCMD_OBJ_B74,,IMPORTED,library_signature,decompiler_output_only,Non-default name from ghidra_psx_ldr auto-analysis (PsyQ Signatures analyzer or GTE macro segment); not independently reviewed.,1,0,main,
0x8003e360,32,PADCMD_OBJ_B88,,IMPORTED,library_signature,decompiler_output_only,Non-default name from ghidra_psx_ldr auto-analysis (PsyQ Signatures analyzer or GTE macro segment); not independently reviewed.,2,0,main,
0x8003e380,32,PADCMD_OBJ_BA8,,IMPORTED,library_signature,decompiler_output_only,Non-default name from ghidra_psx_ldr auto-analysis (PsyQ Signatures analyzer or GTE macro segment); not independently reviewed.,1,0,main,
0x8003e3a0,32,PADCMD_OBJ_BC8,,IMPORTED,library_signature,decompiler_output_only,Non-default name from ghidra_psx_ldr auto-analysis (PsyQ Signatures analyzer or GTE macro segment); not independently reviewed.,2,0,main,
0x8003e3c0,20,PADCMD_OBJ_BE8,,IMPORTED,library_signature,decompiler_output_only,Non-default name from ghidra_psx_ldr auto-analysis (PsyQ Signatures analyzer or GTE macro segment); not independently reviewed.,1,0,main,
0x8003e420,192,PADIF_OBJ_48,,USER_DEFINED,library_signature,decompiler_output_only,Non-default name from ghidra_psx_ldr auto-analysis (PsyQ Signatures analyzer or GTE macro segment); not independently reviewed.,0,1,main,
0x8003e4e0,24,PADIF_OBJ_108,,USER_DEFINED,library_signature,decompiler_output_only,Non-default name from ghidra_psx_ldr auto-analysis (PsyQ Signatures analyzer or GTE macro segment); not independently reviewed.,1,1,main,
0x8003e4f8,172,PADIF_OBJ_120,,USER_DEFINED,library_signature,decompiler_output_only,Non-default name from ghidra_psx_ldr auto-analysis (PsyQ Signatures analyzer or GTE macro segment); not independently reviewed.,0,1,main,
0x8003e5a4,196,PADIF_OBJ_1CC,,USER_DEFINED,library_signature,decompiler_output_only,Non-default name from ghidra_psx_ldr auto-analysis (PsyQ Signatures analyzer or GTE macro segment); not independently reviewed.,0,1,main,
0x8003e668,476,PADIF_OBJ_290,,USER_DEFINED,library_signature,decompiler_output_only,Non-default name from ghidra_psx_ldr auto-analysis (PsyQ Signatures analyzer or GTE macro segment); not independently reviewed.,0,6,main,
0x8003e844,60,PADIF_OBJ_46C,,USER_DEFINED,library_signature,decompiler_output_only,Non-default name from ghidra_psx_ldr auto-analysis (PsyQ Signatures analyzer or GTE macro segment); not independently reviewed.,1,0,main,
0x8003e880,8,PADIF_OBJ_4A8,,USER_DEFINED,library_signature,decompiler_output_only,Non-default name from ghidra_psx_ldr auto-analysis (PsyQ Signatures analyzer or GTE macro segment); not independently reviewed.,1,0,main,
0x8003e888,336,PADIF_OBJ_4B0,,USER_DEFINED,library_signature,decompiler_output_only,Non-default name from ghidra_psx_ldr auto-analysis (PsyQ Signatures analyzer or GTE macro segment); not independently reviewed.,1,5,main,
0x8003e9d8,36,PADIF_OBJ_600,,USER_DEFINED,library_signature,decompiler_output_only,Non-default name from ghidra_psx_ldr auto-analysis (PsyQ Signatures analyzer or GTE macro segment); not independently reviewed.,1,0,main,
0x8003ea08,352,PadInitDirect,,IMPORTED,library_signature,decompiler_output_only,Non-default name from ghidra_psx_ldr auto-analysis (PsyQ Signatures analyzer or GTE macro segment); not independently reviewed.,1,3,main,
0x8003eb68,104,PADPORTD_OBJ_160,,USER_DEFINED,library_signature,decompiler_output_only,Non-default name from ghidra_psx_ldr auto-analysis (PsyQ Signatures analyzer or GTE macro segment); not independently reviewed.,0,0,main,
0x8003ebd0,116,PADPORTD_OBJ_1C8,,USER_DEFINED,library_signature,decompiler_output_only,Non-default name from ghidra_psx_ldr auto-analysis (PsyQ Signatures analyzer or GTE macro segment); not independently reviewed.,0,3,main,
0x8003ec44,92,PADPORTD_OBJ_23C,,USER_DEFINED,library_signature,decompiler_output_only,Non-default name from ghidra_psx_ldr auto-analysis (PsyQ Signatures analyzer or GTE macro segment); not independently reviewed.,1,2,main,
0x8003eca0,36,PADPORTD_OBJ_298,,USER_DEFINED,library_signature,decompiler_output_only,Non-default name from ghidra_psx_ldr auto-analysis (PsyQ Signatures analyzer or GTE macro segment); not independently reviewed.,1,0,main,
0x8003ecc4,16,PADPORTD_OBJ_2BC,,IMPORTED,library_signature,decompiler_output_only,Non-default name from ghidra_psx_ldr auto-analysis (PsyQ Signatures analyzer or GTE macro segment); not independently reviewed.,1,0,main,
0x8003ecd4,100,PADPORTD_OBJ_2CC,,USER_DEFINED,library_signature,decompiler_output_only,Non-default name from ghidra_psx_ldr auto-analysis (PsyQ Signatures analyzer or GTE macro segment); not independently reviewed.,0,1,main,
0x8003ed38,12,PADPORTD_OBJ_330,,USER_DEFINED,library_signature,decompiler_output_only,Non-default name from ghidra_psx_ldr auto-analysis (PsyQ Signatures analyzer or GTE macro segment); not independently reviewed.,0,1,main,
0x8003ed64,36,PADPORTD_OBJ_35C,,USER_DEFINED,library_signature,decompiler_output_only,Non-default name from ghidra_psx_ldr auto-analysis (PsyQ Signatures analyzer or GTE macro segment); not independently reviewed.,1,0,main,
0x8003ed88,8,PADPORTD_OBJ_380,,USER_DEFINED,library_signature,decompiler_output_only,Non-default name from ghidra_psx_ldr auto-analysis (PsyQ Signatures analyzer or GTE macro segment); not independently reviewed.,1,0,main,
0x8003ed90,212,PADPORTD_OBJ_388,,USER_DEFINED,library_signature,decompiler_output_only,Non-default name from ghidra_psx_ldr auto-analysis (PsyQ Signatures analyzer or GTE macro segment); not independently reviewed.,0,1,main,
0x8003ee64,76,PADPORTD_OBJ_45C,,USER_DEFINED,library_signature,decompiler_output_only,Non-default name from ghidra_psx_ldr auto-analysis (PsyQ Signatures analyzer or GTE macro segment); not independently reviewed.,0,1,main,
0x8003eeb0,88,PADPORTD_OBJ_4A8,,USER_DEFINED,library_signature,decompiler_output_only,Non-default name from ghidra_psx_ldr auto-analysis (PsyQ Signatures analyzer or GTE macro segment); not independently reviewed.,1,1,main,
0x8003effc,16,PADPORTD_OBJ_5F4,,USER_DEFINED,library_signature,decompiler_output_only,Non-default name from ghidra_psx_ldr auto-analysis (PsyQ Signatures analyzer or GTE macro segment); not independently reviewed.,1,0,main,
0x8003f00c,56,PADPORTD_OBJ_604,,USER_DEFINED,library_signature,decompiler_output_only,Non-default name from ghidra_psx_ldr auto-analysis (PsyQ Signatures analyzer or GTE macro segment); not independently reviewed.,0,0,main,
0x8003f044,32,PADPORTD_OBJ_63C,,USER_DEFINED,library_signature,decompiler_output_only,Non-default name from ghidra_psx_ldr auto-analysis (PsyQ Signatures analyzer or GTE macro segment); not independently reviewed.,0,0,main,
0x8003f068,52,_padInitDirSeq,,IMPORTED,library_signature,decompiler_output_only,Non-default name from ghidra_psx_ldr auto-analysis (PsyQ Signatures analyzer or GTE macro segment); not independently reviewed.,1,0,main,
0x8003f09c,212,PADSEQD_OBJ_34,,USER_DEFINED,library_signature,decompiler_output_only,Non-default name from ghidra_psx_ldr auto-analysis (PsyQ Signatures analyzer or GTE macro segment); not independently reviewed.,0,3,main,
0x8003f170,44,PADSEQD_OBJ_108,,USER_DEFINED,library_signature,decompiler_output_only,Non-default name from ghidra_psx_ldr auto-analysis (PsyQ Signatures analyzer or GTE macro segment); not independently reviewed.,1,2,main,
0x8003f19c,16,PADSEQD_OBJ_134,,USER_DEFINED,library_signature,decompiler_output_only,Non-default name from ghidra_psx_ldr auto-analysis (PsyQ Signatures analyzer or GTE macro segment); not independently reviewed.,2,0,main,
0x8003f1ac,224,PADSEQD_OBJ_144,,USER_DEFINED,library_signature,decompiler_output_only,Non-default name from ghidra_psx_ldr auto-analysis (PsyQ Signatures analyzer or GTE macro segment); not independently reviewed.,0,2,main,
0x8003f28c,296,PADSEQD_OBJ_224,,USER_DEFINED,library_signature,decompiler_output_only,Non-default name from ghidra_psx_ldr auto-analysis (PsyQ Signatures analyzer or GTE macro segment); not independently reviewed.,1,3,main,
0x8003f3b4,12,PADSEQD_OBJ_34C,,USER_DEFINED,library_signature,decompiler_output_only,Non-default name from ghidra_psx_ldr auto-analysis (PsyQ Signatures analyzer or GTE macro segment); not independently reviewed.,1,1,main,
0x8003f3c8,40,PADSEQD_OBJ_360,,USER_DEFINED,library_signature,decompiler_output_only,Non-default name from ghidra_psx_ldr auto-analysis (PsyQ Signatures analyzer or GTE macro segment); not independently reviewed.,1,2,main,
0x8003f3f0,16,PADSEQD_OBJ_388,,USER_DEFINED,library_signature,decompiler_output_only,Non-default name from ghidra_psx_ldr auto-analysis (PsyQ Signatures analyzer or GTE macro segment); not independently reviewed.,1,0,main,
0x8003f400,16,PADSEQD_OBJ_398,,USER_DEFINED,library_signature,decompiler_output_only,Non-default name from ghidra_psx_ldr auto-analysis (PsyQ Signatures analyzer or GTE macro segment); not independently reviewed.,3,0,main,
0x8003f410,208,_dirFailAuto,,IMPORTED,library_signature,decompiler_output_only,Non-default name from ghidra_psx_ldr auto-analysis (PsyQ Signatures analyzer or GTE macro segment); not independently reviewed.,1,1,main,
0x8003f4e0,16,PADSEQD_OBJ_478,,USER_DEFINED,library_signature,decompiler_output_only,Non-default name from ghidra_psx_ldr auto-analysis (PsyQ Signatures analyzer or GTE macro segment); not independently reviewed.,1,0,main,
0x8003f4f0,44,PADSEQD_OBJ_488,,USER_DEFINED,library_signature,decompiler_output_only,Non-default name from ghidra_psx_ldr auto-analysis (PsyQ Signatures analyzer or GTE macro segment); not independently reviewed.,0,0,main,
0x8003f528,32,setRC2wait,,IMPORTED,library_signature,decompiler_output_only,Non-default name from ghidra_psx_ldr auto-analysis (PsyQ Signatures analyzer or GTE macro segment); not independently reviewed.,8,0,main,
0x8003f548,72,chkRC2wait,,IMPORTED,library_signature,decompiler_output_only,Non-default name from ghidra_psx_ldr auto-analysis (PsyQ Signatures analyzer or GTE macro segment); not independently reviewed.,5,1,main,
0x8003f590,76,WAITRC2_OBJ_68,,USER_DEFINED,library_signature,decompiler_output_only,Non-default name from ghidra_psx_ldr auto-analysis (PsyQ Signatures analyzer or GTE macro segment); not independently reviewed.,1,1,main,
0x8003f5dc,12,WAITRC2_OBJ_B4,,USER_DEFINED,library_signature,decompiler_output_only,Non-default name from ghidra_psx_ldr auto-analysis (PsyQ Signatures analyzer or GTE macro segment); not independently reviewed.,1,0,main,
0x8003f5e8,128,CdInit,,IMPORTED,library_signature,decompiler_output_only,Non-default name from ghidra_psx_ldr auto-analysis (PsyQ Signatures analyzer or GTE macro segment); not independently reviewed.,1,3,main,
0x8003f668,16,EVENT_OBJ_80,,USER_DEFINED,library_signature,decompiler_output_only,Non-default name from ghidra_psx_ldr auto-analysis (PsyQ Signatures analyzer or GTE macro segment); not independently reviewed.,1,0,main,
0x8003f678,44,EVENT_OBJ_90,,IMPORTED,library_signature,decompiler_output_only,Non-default name from ghidra_psx_ldr auto-analysis (PsyQ Signatures analyzer or GTE macro segment); not independently reviewed.,1,3,main,
0x8003f6a4,16,EVENT_OBJ_BC,,USER_DEFINED,library_signature,decompiler_output_only,Non-default name from ghidra_psx_ldr auto-analysis (PsyQ Signatures analyzer or GTE macro segment); not independently reviewed.,1,0,main,
0x8003f6b4,40,EVENT_OBJ_CC,,USER_DEFINED,library_signature,decompiler_output_only,Non-default name from ghidra_psx_ldr auto-analysis (PsyQ Signatures analyzer or GTE macro segment); not independently reviewed.,0,1,main,
0x8003f6dc,40,EVENT_OBJ_F4,,USER_DEFINED,library_signature,decompiler_output_only,Non-default name from ghidra_psx_ldr auto-analysis (PsyQ Signatures analyzer or GTE macro segment); not independently reviewed.,0,1,main,
0x8003f704,40,EVENT_OBJ_11C,,USER_DEFINED,library_signature,decompiler_output_only,Non-default name from ghidra_psx_ldr auto-analysis (PsyQ Signatures analyzer or GTE macro segment); not independently reviewed.,0,1,main,
0x8003f738,16,CdStatus,,IMPORTED,library_signature,decompiler_output_only,Non-default name from ghidra_psx_ldr auto-analysis (PsyQ Signatures analyzer or GTE macro segment); not independently reviewed.,1,0,main,
0x8003f748,16,CdMode,,USER_DEFINED,library_signature,decompiler_output_only,Non-default name from ghidra_psx_ldr auto-analysis (PsyQ Signatures analyzer or GTE macro segment); not independently reviewed.,0,0,main,
0x8003f758,16,CdLastCom,,USER_DEFINED,library_signature,decompiler_output_only,Non-default name from ghidra_psx_ldr auto-analysis (PsyQ Signatures analyzer or GTE macro segment); not independently reviewed.,0,0,main,
0x8003f768,12,CdLastPos,,USER_DEFINED,library_signature,decompiler_output_only,Non-default name from ghidra_psx_ldr auto-analysis (PsyQ Signatures analyzer or GTE macro segment); not independently reviewed.,0,0,main,
0x8003f774,92,CdReset,,USER_DEFINED,library_signature,decompiler_output_only,Non-default name from ghidra_psx_ldr auto-analysis (PsyQ Signatures analyzer or GTE macro segment); not independently reviewed.,0,4,main,
0x8003f7d0,16,SYS_OBJ_98,,USER_DEFINED,library_signature,decompiler_output_only,Non-default name from ghidra_psx_ldr auto-analysis (PsyQ Signatures analyzer or GTE macro segment); not independently reviewed.,1,0,main,
0x8003f7e0,32,CdFlush,,USER_DEFINED,library_signature,decompiler_output_only,Non-default name from ghidra_psx_ldr auto-analysis (PsyQ Signatures analyzer or GTE macro segment); not independently reviewed.,0,1,main,
0x8003f800,20,CdSetDebug,,USER_DEFINED,library_signature,decompiler_output_only,Non-default name from ghidra_psx_ldr auto-analysis (PsyQ Signatures analyzer or GTE macro segment); not independently reviewed.,0,0,main,
0x8003f814,44,CdComstr,,USER_DEFINED,library_signature,decompiler_output_only,Non-default name from ghidra_psx_ldr auto-analysis (PsyQ Signatures analyzer or GTE macro segment); not independently reviewed.,0,1,main,
0x8003f840,8,SYS_OBJ_108,,USER_DEFINED,library_signature,decompiler_output_only,Non-default name from ghidra_psx_ldr auto-analysis (PsyQ Signatures analyzer or GTE macro segment); not independently reviewed.,1,0,main,
0x8003f848,44,CdIntstr,,USER_DEFINED,library_signature,decompiler_output_only,Non-default name from ghidra_psx_ldr auto-analysis (PsyQ Signatures analyzer or GTE macro segment); not independently reviewed.,0,1,main,
0x8003f874,8,SYS_OBJ_13C,,USER_DEFINED,library_signature,decompiler_output_only,Non-default name from ghidra_psx_ldr auto-analysis (PsyQ Signatures analyzer or GTE macro segment); not independently reviewed.,1,0,main,
0x8003f87c,32,CdSync,,IMPORTED,library_signature,decompiler_output_only,Non-default name from ghidra_psx_ldr auto-analysis (PsyQ Signatures analyzer or GTE macro segment); not independently reviewed.,4,1,main,
0x8003f89c,32,CdReady,,USER_DEFINED,library_signature,decompiler_output_only,Non-default name from ghidra_psx_ldr auto-analysis (PsyQ Signatures analyzer or GTE macro segment); not independently reviewed.,0,1,main,
0x8003f8bc,20,CdSyncCallback,,IMPORTED,library_signature,decompiler_output_only,Non-default name from ghidra_psx_ldr auto-analysis (PsyQ Signatures analyzer or GTE macro segment); not independently reviewed.,3,0,main,
0x8003f8d0,20,CdReadyCallback,,IMPORTED,library_signature,decompiler_output_only,Non-default name from ghidra_psx_ldr auto-analysis (PsyQ Signatures analyzer or GTE macro segment); not independently reviewed.,1,0,main,
0x8003f8e4,316,CdControl,,IMPORTED,library_signature,decompiler_output_only,Non-default name from ghidra_psx_ldr auto-analysis (PsyQ Signatures analyzer or GTE macro segment); not independently reviewed.,1,1,main,
0x8003fa20,308,CdControlF,,IMPORTED,library_signature,decompiler_output_only,Non-default name from ghidra_psx_ldr auto-analysis (PsyQ Signatures analyzer or GTE macro segment); not independently reviewed.,7,1,main,
0x8003fb54,284,CdControlB,,USER_DEFINED,library_signature,decompiler_output_only,Non-default name from ghidra_psx_ldr auto-analysis (PsyQ Signatures analyzer or GTE macro segment); not independently reviewed.,0,3,main,
0x8003fc70,48,SYS_OBJ_538,,USER_DEFINED,library_signature,decompiler_output_only,Non-default name from ghidra_psx_ldr auto-analysis (PsyQ Signatures analyzer or GTE macro segment); not independently reviewed.,1,0,main,
0x8003fca0,32,CdMix,,IMPORTED,library_signature,decompiler_output_only,Non-default name from ghidra_psx_ldr auto-analysis (PsyQ Signatures analyzer or GTE macro segment); not independently reviewed.,2,1,main,
0x8003fcc0,32,CdGetSector,,IMPORTED,library_signature,decompiler_output_only,Non-default name from ghidra_psx_ldr auto-analysis (PsyQ Signatures analyzer or GTE macro segment); not independently reviewed.,0,1,main,
0x8003fce0,32,CdGetSector2,,USER_DEFINED,library_signature,decompiler_output_only,Non-default name from ghidra_psx_ldr auto-analysis (PsyQ Signatures analyzer or GTE macro segment); not independently reviewed.,0,1,main,
0x8003fd00,36,CdDataCallback,,USER_DEFINED,library_signature,decompiler_output_only,Non-default name from ghidra_psx_ldr auto-analysis (PsyQ Signatures analyzer or GTE macro segment); not independently reviewed.,0,1,main,
0x8003fd24,32,CdDataSync,,USER_DEFINED,library_signature,decompiler_output_only,Non-default name from ghidra_psx_ldr auto-analysis (PsyQ Signatures analyzer or GTE macro segment); not independently reviewed.,0,1,main,
0x8003fd44,260,CdIntToPos,,IMPORTED,library_signature,decompiler_output_only,Non-default name from ghidra_psx_ldr auto-analysis (PsyQ Signatures analyzer or GTE macro segment); not independently reviewed.,3,0,main,
0x8003fe48,128,CdPosToInt,,IMPORTED,library_signature,decompiler_output_only,Non-default name from ghidra_psx_ldr auto-analysis (PsyQ Signatures analyzer or GTE macro segment); not independently reviewed.,0,0,main,
0x8003fec8,100,BIOS_OBJ_0,,IMPORTED,library_signature,decompiler_output_only,Non-default name from ghidra_psx_ldr auto-analysis (PsyQ Signatures analyzer or GTE macro segment); not independently reviewed.,4,1,main,
0x8003ff2c,504,BIOS_OBJ_64,,USER_DEFINED,library_signature,decompiler_output_only,Non-default name from ghidra_psx_ldr auto-analysis (PsyQ Signatures analyzer or GTE macro segment); not independently reviewed.,1,1,main,
0x80040124,256,BIOS_OBJ_25C,,USER_DEFINED,library_signature,decompiler_output_only,Non-default name from ghidra_psx_ldr auto-analysis (PsyQ Signatures analyzer or GTE macro segment); not independently reviewed.,0,1,main,
0x80040224,76,BIOS_OBJ_35C,,USER_DEFINED,library_signature,decompiler_output_only,Non-default name from ghidra_psx_ldr auto-analysis (PsyQ Signatures analyzer or GTE macro segment); not independently reviewed.,0,1,main,
0x80040270,128,BIOS_OBJ_3A8,,USER_DEFINED,library_signature,decompiler_output_only,Non-default name from ghidra_psx_ldr auto-analysis (PsyQ Signatures analyzer or GTE macro segment); not independently reviewed.,0,1,main,
0x800402f0,128,BIOS_OBJ_428,,USER_DEFINED,library_signature,decompiler_output_only,Non-default name from ghidra_psx_ldr auto-analysis (PsyQ Signatures analyzer or GTE macro segment); not independently reviewed.,0,1,main,
0x80040370,128,BIOS_OBJ_4A8,,USER_DEFINED,library_signature,decompiler_output_only,Non-default name from ghidra_psx_ldr auto-analysis (PsyQ Signatures analyzer or GTE macro segment); not independently reviewed.,0,1,main,
0x80040410,20,BIOS_OBJ_548,,USER_DEFINED,library_signature,decompiler_output_only,Non-default name from ghidra_psx_ldr auto-analysis (PsyQ Signatures analyzer or GTE macro segment); not independently reviewed.,5,0,main,
0x80040424,312,CD_sync,,IMPORTED,library_signature,decompiler_output_only,Non-default name from ghidra_psx_ldr auto-analysis (PsyQ Signatures analyzer or GTE macro segment); not independently reviewed.,4,5,main,
0x8004055c,48,BIOS_OBJ_694,,USER_DEFINED,library_signature,decompiler_output_only,Non-default name from ghidra_psx_ldr auto-analysis (PsyQ Signatures analyzer or GTE macro segment); not independently reviewed.,1,1,main,
0x8004058c,232,BIOS_OBJ_6C4,,USER_DEFINED,library_signature,decompiler_output_only,Non-default name from ghidra_psx_ldr auto-analysis (PsyQ Signatures analyzer or GTE macro segment); not independently reviewed.,0,2,main,
0x80040674,48,BIOS_OBJ_7AC,,USER_DEFINED,library_signature,decompiler_output_only,Non-default name from ghidra_psx_ldr auto-analysis (PsyQ Signatures analyzer or GTE macro segment); not independently reviewed.,1,0,main,
0x800406a4,312,CD_ready,,USER_DEFINED,library_signature,decompiler_output_only,Non-default name from ghidra_psx_ldr auto-analysis (PsyQ Signatures analyzer or GTE macro segment); not independently reviewed.,1,5,main,
0x800407dc,48,BIOS_OBJ_914,,USER_DEFINED,library_signature,decompiler_output_only,Non-default name from ghidra_psx_ldr auto-analysis (PsyQ Signatures analyzer or GTE macro segment); not independently reviewed.,1,1,main,
0x8004080c,304,BIOS_OBJ_944,,USER_DEFINED,library_signature,decompiler_output_only,Non-default name from ghidra_psx_ldr auto-analysis (PsyQ Signatures analyzer or GTE macro segment); not independently reviewed.,0,2,main,
0x8004093c,48,BIOS_OBJ_A74,,USER_DEFINED,library_signature,decompiler_output_only,Non-default name from ghidra_psx_ldr auto-analysis (PsyQ Signatures analyzer or GTE macro segment); not independently reviewed.,1,0,main,
0x8004096c,716,CD_cw,,IMPORTED,library_signature,decompiler_output_only,Non-default name from ghidra_psx_ldr auto-analysis (PsyQ Signatures analyzer or GTE macro segment); not independently reviewed.,4,7,main,
0x80040c38,48,BIOS_OBJ_D70,,USER_DEFINED,library_signature,decompiler_output_only,Non-default name from ghidra_psx_ldr auto-analysis (PsyQ Signatures analyzer or GTE macro segment); not independently reviewed.,1,1,main,
0x80040c68,232,BIOS_OBJ_DA0,,USER_DEFINED,library_signature,decompiler_output_only,Non-default name from ghidra_psx_ldr auto-analysis (PsyQ Signatures analyzer or GTE macro segment); not independently reviewed.,0,1,main,
0x80040d50,40,BIOS_OBJ_E88,,USER_DEFINED,library_signature,decompiler_output_only,Non-default name from ghidra_psx_ldr auto-analysis (PsyQ Signatures analyzer or GTE macro segment); not independently reviewed.,1,0,main,
0x80040d78,136,CD_vol,,IMPORTED,library_signature,decompiler_output_only,Non-default name from ghidra_psx_ldr auto-analysis (PsyQ Signatures analyzer or GTE macro segment); not independently reviewed.,1,0,main,
0x80040e00,212,CD_flush,,IMPORTED,library_signature,decompiler_output_only,Non-default name from ghidra_psx_ldr auto-analysis (PsyQ Signatures analyzer or GTE macro segment); not independently reviewed.,5,0,main,
0x80040ed4,240,CD_initvol,,IMPORTED,library_signature,decompiler_output_only,Non-default name from ghidra_psx_ldr auto-analysis (PsyQ Signatures analyzer or GTE macro segment); not independently reviewed.,2,0,main,
0x80040fc4,76,CD_initintr,,USER_DEFINED,library_signature,decompiler_output_only,Non-default name from ghidra_psx_ldr auto-analysis (PsyQ Signatures analyzer or GTE macro segment); not independently reviewed.,1,2,main,
0x80041010,464,CD_init,,IMPORTED,library_signature,decompiler_output_only,Non-default name from ghidra_psx_ldr auto-analysis (PsyQ Signatures analyzer or GTE macro segment); not independently reviewed.,2,7,main,
0x800411e0,16,BIOS_OBJ_1318,,USER_DEFINED,library_signature,decompiler_output_only,Non-default name from ghidra_psx_ldr auto-analysis (PsyQ Signatures analyzer or GTE macro segment); not independently reviewed.,1,0,main,
0x800411f0,280,CD_datasync,,USER_DEFINED,library_signature,decompiler_output_only,Non-default name from ghidra_psx_ldr auto-analysis (PsyQ Signatures analyzer or GTE macro segment); not independently reviewed.,1,5,main,
0x80041308,80,BIOS_OBJ_1440,,USER_DEFINED,library_signature,decompiler_output_only,Non-default name from ghidra_psx_ldr auto-analysis (PsyQ Signatures analyzer or GTE macro segment); not independently reviewed.,1,0,main,
0x80041358,256,CD_getsector,,IMPORTED,library_signature,decompiler_output_only,Non-default name from ghidra_psx_ldr auto-analysis (PsyQ Signatures analyzer or GTE macro segment); not independently reviewed.,1,0,main,
0x80041458,236,CD_getsector2,,USER_DEFINED,library_signature,decompiler_output_only,Non-default name from ghidra_psx_ldr auto-analysis (PsyQ Signatures analyzer or GTE macro segment); not independently reviewed.,1,0,main,
0x80041544,12,CD_set_test_parmnum,,USER_DEFINED,library_signature,decompiler_output_only,Non-default name from ghidra_psx_ldr auto-analysis (PsyQ Signatures analyzer or GTE macro segment); not independently reviewed.,0,0,main,
0x80041550,52,BIOS_OBJ_1688,,USER_DEFINED,library_signature,decompiler_output_only,Non-default name from ghidra_psx_ldr auto-analysis (PsyQ Signatures analyzer or GTE macro segment); not independently reviewed.,0,0,main,
0x80041584,164,BIOS_OBJ_16BC,,USER_DEFINED,library_signature,decompiler_output_only,Non-default name from ghidra_psx_ldr auto-analysis (PsyQ Signatures analyzer or GTE macro segment); not independently reviewed.,0,1,main,
0x80041628,908,FUN_80041628,,DEFAULT,unverified,decompiler_output_only,,10,6,main,
0x800419b4,648,FUN_800419b4,,DEFAULT,unverified,decompiler_output_only,,1,5,main,
0x80041c3c,864,FUN_80041c3c,,DEFAULT,unverified,decompiler_output_only,,1,5,main,
0x8004293c,120,FUN_8004293c,,DEFAULT,unverified,decompiler_output_only,,3,1,main,
0x80042a3c,52,FUN_80042a3c,,DEFAULT,unverified,decompiler_output_only,,3,1,main,
0x80042a70,104,FUN_80042a70,,DEFAULT,unverified,decompiler_output_only,,1,1,main,
0x80042bfc,228,FUN_80042bfc,,DEFAULT,unverified,decompiler_output_only,,3,0,main,
0x80042df8,36,FUN_80042df8,,DEFAULT,unverified,decompiler_output_only,,2,1,main,
0x80042e1c,172,FUN_80042e1c,,DEFAULT,unverified,decompiler_output_only,,1,8,main,
0x80042ed0,24,FUN_80042ed0,,DEFAULT,unverified,decompiler_output_only,,1,0,main,
0x80042ee8,120,FUN_80042ee8,,DEFAULT,unverified,decompiler_output_only,,1,1,main,
0x80042f60,468,FUN_80042f60,,DEFAULT,unverified,decompiler_output_only,,1,2,main,
0x80043134,528,FUN_80043134,,DEFAULT,unverified,decompiler_output_only,,27,6,main,
0x80043344,704,FUN_80043344,,DEFAULT,unverified,decompiler_output_only,,17,2,main,
0x80043604,1220,FUN_80043604,,DEFAULT,unverified,decompiler_output_only,,1,0,main,
0x80043ac8,3868,FUN_80043ac8,,DEFAULT,unverified,decompiler_output_only,,1,0,main,
0x800449e4,792,FUN_800449e4,,DEFAULT,unverified,decompiler_output_only,,2,4,main,
0x80044cfc,272,FUN_80044cfc,,DEFAULT,unverified,decompiler_output_only,,2,1,main,
0x80046144,240,FUN_80046144,,DEFAULT,unverified,decompiler_output_only,,2,0,main,
0x80046234,176,FUN_80046234,,DEFAULT,unverified,decompiler_output_only,,3,0,main,
0x800462e4,7464,FUN_800462e4,,DEFAULT,unverified,decompiler_output_only,,4,2,main,
0x8004800c,312,FUN_8004800c,,DEFAULT,unverified,decompiler_output_only,,4,0,main,
0x80048144,372,FUN_80048144,,DEFAULT,unverified,decompiler_output_only,,57,0,main,
0x800482b8,340,FUN_800482b8,,DEFAULT,unverified,decompiler_output_only,,2,0,main,
0x8004862c,592,FUN_8004862c,,DEFAULT,unverified,decompiler_output_only,,1,0,main,
0x8004887c,268,FUN_8004887c,,DEFAULT,unverified,decompiler_output_only,,1,0,main,
0x80048988,76,FUN_80048988,,DEFAULT,unverified,decompiler_output_only,,1,0,main,
0x800489d4,212,FUN_800489d4,,DEFAULT,unverified,decompiler_output_only,,2,0,main,
0x80048aa8,140,FUN_80048aa8,,DEFAULT,unverified,decompiler_output_only,,24,1,main,
0x80048b34,96,FUN_80048b34,,DEFAULT,unverified,decompiler_output_only,,2,0,main,
0x80048b94,168,FUN_80048b94,,DEFAULT,unverified,decompiler_output_only,,4,1,main,
0x80048c3c,220,FUN_80048c3c,,DEFAULT,unverified,decompiler_output_only,,16,2,main,
0x80048d18,212,FUN_80048d18,,DEFAULT,unverified,decompiler_output_only,,6,1,main,
0x80048dec,148,FUN_80048dec,,DEFAULT,unverified,decompiler_output_only,,6,1,main,
0x80048e80,84,FUN_80048e80,,DEFAULT,unverified,decompiler_output_only,,17,0,main,
0x80048ed4,120,FUN_80048ed4,,DEFAULT,unverified,decompiler_output_only,,2,0,main,
0x80048f4c,168,FUN_80048f4c,,DEFAULT,unverified,decompiler_output_only,,5,1,main,
0x800490f8,116,FUN_800490f8,,DEFAULT,unverified,decompiler_output_only,,57,0,main,
0x80049208,120,FUN_80049208,,DEFAULT,unverified,decompiler_output_only,,58,0,main,
0x80049364,148,FUN_80049364,,DEFAULT,unverified,decompiler_output_only,,57,0,main,
0x800493f8,188,FUN_800493f8,,DEFAULT,unverified,decompiler_output_only,,3,0,main,
0x80049570,220,FUN_80049570,,DEFAULT,unverified,decompiler_output_only,,1,0,main,
0x8004964c,44,rsin,,IMPORTED,library_signature,decompiler_output_only,Non-default name from ghidra_psx_ldr auto-analysis (PsyQ Signatures analyzer or GTE macro segment); not independently reviewed.,35,2,main,
0x80049678,16,GEO_00_OBJ_2C,,USER_DEFINED,library_signature,decompiler_output_only,Non-default name from ghidra_psx_ldr auto-analysis (PsyQ Signatures analyzer or GTE macro segment); not independently reviewed.,1,0,main,
0x80049688,136,sin_1,,IMPORTED,library_signature,decompiler_output_only,Non-default name from ghidra_psx_ldr auto-analysis (PsyQ Signatures analyzer or GTE macro segment); not independently reviewed.,1,1,main,
0x80049710,8,GEO_00_OBJ_C4,,USER_DEFINED,library_signature,decompiler_output_only,Non-default name from ghidra_psx_ldr auto-analysis (PsyQ Signatures analyzer or GTE macro segment); not independently reviewed.,1,0,main,
0x8004971c,152,rcos,,IMPORTED,library_signature,decompiler_output_only,Non-default name from ghidra_psx_ldr auto-analysis (PsyQ Signatures analyzer or GTE macro segment); not independently reviewed.,23,1,main,
0x800497b4,8,GEO_01_OBJ_98,,USER_DEFINED,library_signature,decompiler_output_only,Non-default name from ghidra_psx_ldr auto-analysis (PsyQ Signatures analyzer or GTE macro segment); not independently reviewed.,1,0,main,
0x800497bc,8,FUN_800497bc,,DEFAULT,unverified,decompiler_output_only,,18,0,main,
0x800497c4,128,FUN_800497c4,,DEFAULT,unverified,decompiler_output_only,,1,0,main,
0x80049844,152,FUN_80049844,,DEFAULT,unverified,decompiler_output_only,,1,0,main,
0x80049b30,84,FUN_80049b30,,DEFAULT,unverified,decompiler_output_only,,1,0,main,
0x80049b84,44,FUN_80049b84,,DEFAULT,unverified,decompiler_output_only,,3,0,main,
0x80049bb0,116,FUN_80049bb0,,DEFAULT,unverified,decompiler_output_only,,1,0,main,
0x80049c24,280,FUN_80049c24,,DEFAULT,unverified,decompiler_output_only,,1,5,main,
0x80049d3c,176,FUN_80049d3c,,DEFAULT,unverified,decompiler_output_only,,3,8,main,
0x80049dec,280,FUN_80049dec,,DEFAULT,unverified,decompiler_output_only,,1,1,main,
0x80049f4c,48,FUN_80049f4c,,DEFAULT,unverified,decompiler_output_only,,1,0,main,
0x80049fd4,408,FUN_80049fd4,,DEFAULT,unverified,decompiler_output_only,,1,2,main,
0x8004a16c,380,FUN_8004a16c,,DEFAULT,unverified,decompiler_output_only,,4,1,main,
0x8004a2e8,460,FUN_8004a2e8,,DEFAULT,unverified,decompiler_output_only,,4,1,main,
0x8004a790,196,FUN_8004a790,,DEFAULT,unverified,decompiler_output_only,,1,0,main,
0x8004a854,276,FUN_8004a854,,DEFAULT,unverified,decompiler_output_only,,1,0,main,
0x8004aa4c,124,FUN_8004aa4c,,DEFAULT,unverified,decompiler_output_only,,4,0,main,
0x8004abb0,128,FUN_8004abb0,,DEFAULT,unverified,decompiler_output_only,,11,0,main,
0x8004ac30,128,FUN_8004ac30,,DEFAULT,unverified,decompiler_output_only,,4,0,main,
0x8004ad78,252,FUN_8004ad78,,DEFAULT,unverified,decompiler_output_only,,3,2,main,
0x8004afb8,116,FUN_8004afb8,,DEFAULT,unverified,decompiler_output_only,,4,0,main,
0x8004b02c,348,FUN_8004b02c,,DEFAULT,unverified,decompiler_output_only,,15,0,main,
0x8004b188,148,FUN_8004b188,,DEFAULT,unverified,decompiler_output_only,,10,0,main,
0x8004b21c,140,FUN_8004b21c,,DEFAULT,unverified,decompiler_output_only,,15,0,main,
0x8004b3c0,144,FUN_8004b3c0,,DEFAULT,unverified,decompiler_output_only,,15,0,main,
0x8004b514,48,MargePrim,,IMPORTED,library_signature,decompiler_output_only,Non-default name from ghidra_psx_ldr auto-analysis (PsyQ Signatures analyzer or GTE macro segment); not independently reviewed.,1,1,main,
0x8004b544,8,P36_OBJ_30,,USER_DEFINED,library_signature,decompiler_output_only,Non-default name from ghidra_psx_ldr auto-analysis (PsyQ Signatures analyzer or GTE macro segment); not independently reviewed.,1,0,main,
0x8004ba34,384,FUN_8004ba34,,DEFAULT,unverified,decompiler_output_only,,1,2,main,
0x8004bbb4,160,FUN_8004bbb4,,DEFAULT,unverified,decompiler_output_only,,0,1,main,
0x8004bc54,116,FUN_8004bc54,,DEFAULT,unverified,decompiler_output_only,,0,1,main,
0x8004bcc8,68,FUN_8004bcc8,,DEFAULT,unverified,decompiler_output_only,,1,1,main,
0x8004c27c,1856,FUN_8004c27c,,DEFAULT,unverified,decompiler_output_only,,0,17,main,
0x8004cbac,500,FUN_8004cbac,,DEFAULT,unverified,decompiler_output_only,,0,10,main,
0x8004d010,104,FUN_8004d010,,DEFAULT,unverified,decompiler_output_only,,0,2,main,
0x8004d078,8,FUN_8004d078,,DEFAULT,unverified,decompiler_output_only,,0,0,main,
0x8004d080,32,FUN_8004d080,,DEFAULT,unverified,decompiler_output_only,,0,1,main,
0x8004d0a0,184,FUN_8004d0a0,,DEFAULT,unverified,decompiler_output_only,,0,4,main,
0x8004d158,8,FUN_8004d158,,DEFAULT,unverified,decompiler_output_only,,0,0,main,
0x8004d160,56,FUN_8004d160,,DEFAULT,unverified,decompiler_output_only,,0,1,main,
0x8004d198,8,FUN_8004d198,,DEFAULT,unverified,decompiler_output_only,,0,0,main,
0x8004d468,60,FUN_8004d468,,DEFAULT,unverified,decompiler_output_only,,0,2,main,
0x8004d4a4,184,FUN_8004d4a4,,DEFAULT,unverified,decompiler_output_only,,0,3,main,
0x8004d55c,8,FUN_8004d55c,,DEFAULT,unverified,decompiler_output_only,,0,0,main,
0x8004d564,196,FUN_8004d564,,DEFAULT,unverified,decompiler_output_only,,1,2,main,
0x8004d628,12,rand,,IMPORTED,library_signature,decompiler_output_only,Non-default name from ghidra_psx_ldr auto-analysis (PsyQ Signatures analyzer or GTE macro segment); not independently reviewed.,4,0,main,
0x8004d638,12,srand,,IMPORTED,library_signature,decompiler_output_only,Non-default name from ghidra_psx_ldr auto-analysis (PsyQ Signatures analyzer or GTE macro segment); not independently reviewed.,3,0,main,
0x8004d648,1136,FUN_8004d648,,DEFAULT,unverified,decompiler_output_only,,4,0,main,
0x8004dab8,724,FUN_8004dab8,,DEFAULT,unverified,decompiler_output_only,,23,1,main,
0x8004e064,648,FUN_8004e064,,DEFAULT,unverified,decompiler_output_only,,1,1,main,
0x8004e2ec,1332,FUN_8004e2ec,,DEFAULT,unverified,decompiler_output_only,,2,0,main,
0x8004e890,716,FUN_8004e890,,DEFAULT,unverified,decompiler_output_only,,1,1,main,
0x8004eb5c,716,FUN_8004eb5c,,DEFAULT,unverified,decompiler_output_only,,3,1,main,
0x8004ee28,72,FUN_8004ee28,,DEFAULT,unverified,decompiler_output_only,,3,1,main,
0x8004ee70,60,GetTPage,,IMPORTED,library_signature,decompiler_output_only,Non-default name from ghidra_psx_ldr auto-analysis (PsyQ Signatures analyzer or GTE macro segment); not independently reviewed.,2,0,main,
0x8004eeb0,44,SetDrawTPage,,USER_DEFINED,library_signature,decompiler_output_only,Non-default name from ghidra_psx_ldr auto-analysis (PsyQ Signatures analyzer or GTE macro segment); not independently reviewed.,0,0,main,
0x8004eee0,1520,FUN_8004eee0,,DEFAULT,unverified,decompiler_output_only,,2,4,main,
0x8004f4d0,556,FUN_8004f4d0,,DEFAULT,unverified,decompiler_output_only,,2,4,main,
0x8004f6fc,548,FUN_8004f6fc,,DEFAULT,unverified,decompiler_output_only,,1,4,main,
0x8004fa40,404,FUN_8004fa40,,DEFAULT,unverified,decompiler_output_only,,3,0,main,
0x800505b8,372,FUN_800505b8,,DEFAULT,unverified,decompiler_output_only,,1,0,main,
0x8005099c,376,FUN_8005099c,,DEFAULT,unverified,decompiler_output_only,,1,0,main,
0x80050cc0,412,FUN_80050cc0,,DEFAULT,unverified,decompiler_output_only,,1,0,main,
0x80050e5c,976,FUN_80050e5c,,DEFAULT,unverified,decompiler_output_only,,0,4,main,
0x8005122c,624,FUN_8005122c,,DEFAULT,unverified,decompiler_output_only,,1,0,main,
0x8005149c,628,FUN_8005149c,,DEFAULT,unverified,decompiler_output_only,,1,0,main,
0x80051710,804,FUN_80051710,,DEFAULT,unverified,decompiler_output_only,,1,3,main,
0x80051a34,432,FUN_80051a34,,DEFAULT,unverified,decompiler_output_only,,1,2,main,
0x80051be4,2132,FUN_80051be4,,DEFAULT,unverified,decompiler_output_only,,1,3,main,
0x80052438,252,FUN_80052438,,DEFAULT,unverified,decompiler_output_only,,1,0,main,
0x80052534,1124,FUN_80052534,,DEFAULT,unverified,decompiler_output_only,,0,5,main,
0x80052998,1280,FUN_80052998,,DEFAULT,unverified,decompiler_output_only,,1,0,main,
0x80052e98,1052,FUN_80052e98,,DEFAULT,unverified,decompiler_output_only,,1,1,main,
0x800532b4,764,FUN_800532b4,,DEFAULT,unverified,decompiler_output_only,,1,2,main,
0x800535b0,168,FUN_800535b0,,DEFAULT,unverified,decompiler_output_only,,0,4,main,
0x80053658,192,FUN_80053658,,DEFAULT,unverified,decompiler_output_only,,1,3,main,
0x80053718,48,FUN_80053718,,DEFAULT,unverified,decompiler_output_only,,1,3,main,
0x80053750,8,FUN_80053750,,DEFAULT,unverified,decompiler_output_only,,1,0,main,
0x80053778,68,FUN_80053778,,DEFAULT,unverified,decompiler_output_only,,1,1,main,
0x80053830,12,FUN_80053830,,DEFAULT,unverified,decompiler_output_only,,0,0,main,
0x8005386c,176,RotAverageNclip4,,USER_DEFINED,library_signature,decompiler_output_only,Non-default name from ghidra_psx_ldr auto-analysis (PsyQ Signatures analyzer or GTE macro segment); not independently reviewed.,0,5,main,
0x8005391c,100,RotMatrix,,IMPORTED,library_signature,decompiler_output_only,Non-default name from ghidra_psx_ldr auto-analysis (PsyQ Signatures analyzer or GTE macro segment); not independently reviewed.,3,1,main,
0x80053980,104,FGO_01_OBJ_64,,USER_DEFINED,library_signature,decompiler_output_only,Non-default name from ghidra_psx_ldr auto-analysis (PsyQ Signatures analyzer or GTE macro segment); not independently reviewed.,1,1,main,
0x800539e8,148,FGO_01_OBJ_CC,,USER_DEFINED,library_signature,decompiler_output_only,Non-default name from ghidra_psx_ldr auto-analysis (PsyQ Signatures analyzer or GTE macro segment); not independently reviewed.,1,1,main,
0x80053a7c,300,FGO_01_OBJ_160,,USER_DEFINED,library_signature,decompiler_output_only,Non-default name from ghidra_psx_ldr auto-analysis (PsyQ Signatures analyzer or GTE macro segment); not independently reviewed.,1,0,main,
0x80053ed8,144,FUN_80053ed8,,DEFAULT,unverified,decompiler_output_only,,1,4,main,
0x80053f68,168,FUN_80053f68,,DEFAULT,unverified,decompiler_output_only,,0,1,main,
0x80054010,68,FUN_80054010,,DEFAULT,unverified,decompiler_output_only,,0,1,main,
0x800547f4,88,FUN_800547f4,,DEFAULT,unverified,decompiler_output_only,,1,2,main,
0x800548c8,32,FUN_800548c8,,DEFAULT,unverified,decompiler_output_only,,1,1,main,
0x800548e8,96,GsSetLightMode,,IMPORTED,library_signature,decompiler_output_only,Non-default name from ghidra_psx_ldr auto-analysis (PsyQ Signatures analyzer or GTE macro segment); not independently reviewed.,1,2,main,
0x80054948,12,GS_108_OBJ_60,,USER_DEFINED,library_signature,decompiler_output_only,Non-default name from ghidra_psx_ldr auto-analysis (PsyQ Signatures analyzer or GTE macro segment); not independently reviewed.,1,1,main,
0x80054954,16,GS_108_OBJ_6C,,USER_DEFINED,library_signature,decompiler_output_only,Non-default name from ghidra_psx_ldr auto-analysis (PsyQ Signatures analyzer or GTE macro segment); not independently reviewed.,1,0,main,
0x80054968,40,GsSetAmbient,,IMPORTED,library_signature,decompiler_output_only,Non-default name from ghidra_psx_ldr auto-analysis (PsyQ Signatures analyzer or GTE macro segment); not independently reviewed.,1,1,main,
0x80054998,32,SetBackColor,,IMPORTED,library_signature,decompiler_output_only,Non-default name from ghidra_psx_ldr auto-analysis (PsyQ Signatures analyzer or GTE macro segment); not independently reviewed.,1,0,main,
0x800549b8,436,GsSetRefView2L,,IMPORTED,library_signature,decompiler_output_only,Non-default name from ghidra_psx_ldr auto-analysis (PsyQ Signatures analyzer or GTE macro segment); not independently reviewed.,1,5,main,
0x80054b6c,188,GS_137_OBJ_1B4,,USER_DEFINED,library_signature,decompiler_output_only,Non-default name from ghidra_psx_ldr auto-analysis (PsyQ Signatures analyzer or GTE macro segment); not independently reviewed.,1,4,main,
0x80054c28,296,GS_137_OBJ_270,,USER_DEFINED,library_signature,decompiler_output_only,Non-default name from ghidra_psx_ldr auto-analysis (PsyQ Signatures analyzer or GTE macro segment); not independently reviewed.,1,6,main,
0x80054d50,236,GS_137_OBJ_398,,USER_DEFINED,library_signature,decompiler_output_only,Non-default name from ghidra_psx_ldr auto-analysis (PsyQ Signatures analyzer or GTE macro segment); not independently reviewed.,1,5,main,
0x80054e3c,4,GS_137_OBJ_484,,USER_DEFINED,library_signature,decompiler_output_only,Non-default name from ghidra_psx_ldr auto-analysis (PsyQ Signatures analyzer or GTE macro segment); not independently reviewed.,1,0,main,
0x80054e40,380,GS_137_OBJ_488,,USER_DEFINED,library_signature,decompiler_output_only,Non-default name from ghidra_psx_ldr auto-analysis (PsyQ Signatures analyzer or GTE macro segment); not independently reviewed.,1,6,main,
0x80054fc8,304,csqrt_1,,IMPORTED,library_signature,decompiler_output_only,Non-default name from ghidra_psx_ldr auto-analysis (PsyQ Signatures analyzer or GTE macro segment); not independently reviewed.,1,2,main,
0x800550f8,4,COR_05_OBJ_130,,USER_DEFINED,library_signature,decompiler_output_only,Non-default name from ghidra_psx_ldr auto-analysis (PsyQ Signatures analyzer or GTE macro segment); not independently reviewed.,1,0,main,
0x800550fc,32,COR_05_OBJ_134,,USER_DEFINED,library_signature,decompiler_output_only,Non-default name from ghidra_psx_ldr auto-analysis (PsyQ Signatures analyzer or GTE macro segment); not independently reviewed.,1,0,main,
0x8005511c,88,csqrt,,IMPORTED,library_signature,decompiler_output_only,Non-default name from ghidra_psx_ldr auto-analysis (PsyQ Signatures analyzer or GTE macro segment); not independently reviewed.,4,3,main,
0x80055174,44,COR_05_OBJ_1AC,,USER_DEFINED,library_signature,decompiler_output_only,Non-default name from ghidra_psx_ldr auto-analysis (PsyQ Signatures analyzer or GTE macro segment); not independently reviewed.,1,2,main,
0x800551a0,20,COR_05_OBJ_1D8,,USER_DEFINED,library_signature,decompiler_output_only,Non-default name from ghidra_psx_ldr auto-analysis (PsyQ Signatures analyzer or GTE macro segment); not independently reviewed.,2,0,main,
0x800551b8,40,LightColor,,USER_DEFINED,library_signature,decompiler_output_only,Non-default name from ghidra_psx_ldr auto-analysis (PsyQ Signatures analyzer or GTE macro segment); not independently reviewed.,0,2,main,
0x800551e0,40,DpqColorLight,,USER_DEFINED,library_signature,decompiler_output_only,Non-default name from ghidra_psx_ldr auto-analysis (PsyQ Signatures analyzer or GTE macro segment); not independently reviewed.,0,3,main,
0x80055208,60,DpqColor3,,USER_DEFINED,library_signature,decompiler_output_only,Non-default name from ghidra_psx_ldr auto-analysis (PsyQ Signatures analyzer or GTE macro segment); not independently reviewed.,0,2,main,
0x80055244,36,Intpl,,USER_DEFINED,library_signature,decompiler_output_only,Non-default name from ghidra_psx_ldr auto-analysis (PsyQ Signatures analyzer or GTE macro segment); not independently reviewed.,0,2,main,
0x80055268,40,Square12,,USER_DEFINED,library_signature,decompiler_output_only,Non-default name from ghidra_psx_ldr auto-analysis (PsyQ Signatures analyzer or GTE macro segment); not independently reviewed.,0,2,main,
0x80055290,40,Square0,,USER_DEFINED,library_signature,decompiler_output_only,Non-default name from ghidra_psx_ldr auto-analysis (PsyQ Signatures analyzer or GTE macro segment); not independently reviewed.,0,2,main,
0x800552b8,32,AverageZ3,,USER_DEFINED,library_signature,decompiler_output_only,Non-default name from ghidra_psx_ldr auto-analysis (PsyQ Signatures analyzer or GTE macro segment); not independently reviewed.,0,0,main,
0x800552d8,36,AverageZ4,,USER_DEFINED,library_signature,decompiler_output_only,Non-default name from ghidra_psx_ldr auto-analysis (PsyQ Signatures analyzer or GTE macro segment); not independently reviewed.,0,0,main,
0x800552fc,88,OuterProduct12,,USER_DEFINED,library_signature,decompiler_output_only,Non-default name from ghidra_psx_ldr auto-analysis (PsyQ Signatures analyzer or GTE macro segment); not independently reviewed.,0,2,main,
0x80055354,88,OuterProduct0,,USER_DEFINED,library_signature,decompiler_output_only,Non-default name from ghidra_psx_ldr auto-analysis (PsyQ Signatures analyzer or GTE macro segment); not independently reviewed.,0,2,main,
0x800553ac,24,Lzc,,IMPORTED,library_signature,decompiler_output_only,Non-default name from ghidra_psx_ldr auto-analysis (PsyQ Signatures analyzer or GTE macro segment); not independently reviewed.,5,0,main,
0x800553c8,64,TransposeMatrix,,IMPORTED,library_signature,decompiler_output_only,Non-default name from ghidra_psx_ldr auto-analysis (PsyQ Signatures analyzer or GTE macro segment); not independently reviewed.,4,0,main,
0x80055408,180,gte_rotate_z_matrix,,IMPORTED,library_signature,decompiler_output_only,Non-default name from ghidra_psx_ldr auto-analysis (PsyQ Signatures analyzer or GTE macro segment); not independently reviewed.,2,3,main,
0x800554c8,48,GsGetLw,,IMPORTED,library_signature,decompiler_output_only,Non-default name from ghidra_psx_ldr auto-analysis (PsyQ Signatures analyzer or GTE macro segment); not independently reviewed.,2,0,main,
0x800554f8,492,GS_133_OBJ_30,,USER_DEFINED,library_signature,decompiler_output_only,Non-default name from ghidra_psx_ldr auto-analysis (PsyQ Signatures analyzer or GTE macro segment); not independently reviewed.,0,1,main,
0x800556e4,156,GS_133_OBJ_21C,,USER_DEFINED,library_signature,decompiler_output_only,Non-default name from ghidra_psx_ldr auto-analysis (PsyQ Signatures analyzer or GTE macro segment); not independently reviewed.,1,1,main,
0x80055788,232,FUN_80055788,,DEFAULT,unverified,decompiler_output_only,,1,3,main,
0x80055870,44,FUN_80055870,,DEFAULT,unverified,decompiler_output_only,,1,1,main,
0x8005589c,72,FUN_8005589c,,DEFAULT,unverified,decompiler_output_only,,1,1,main,
0x800558e4,80,FUN_800558e4,,DEFAULT,unverified,decompiler_output_only,,1,1,main,
0x80055934,76,GsSetFogParam,,IMPORTED,library_signature,decompiler_output_only,Non-default name from ghidra_psx_ldr auto-analysis (PsyQ Signatures analyzer or GTE macro segment); not independently reviewed.,1,3,main,
0x80055984,16,SetVertex0,,USER_DEFINED,library_signature,decompiler_output_only,Non-default name from ghidra_psx_ldr auto-analysis (PsyQ Signatures analyzer or GTE macro segment); not independently reviewed.,0,1,main,
0x80055994,16,SetVertex1,,USER_DEFINED,library_signature,decompiler_output_only,Non-default name from ghidra_psx_ldr auto-analysis (PsyQ Signatures analyzer or GTE macro segment); not independently reviewed.,0,1,main,
0x800559a4,16,SetVertex2,,USER_DEFINED,library_signature,decompiler_output_only,Non-default name from ghidra_psx_ldr auto-analysis (PsyQ Signatures analyzer or GTE macro segment); not independently reviewed.,0,1,main,
0x800559b4,32,SetVertexTri,,USER_DEFINED,library_signature,decompiler_output_only,Non-default name from ghidra_psx_ldr auto-analysis (PsyQ Signatures analyzer or GTE macro segment); not independently reviewed.,0,1,main,
0x800559d4,20,SetRGBfifo,,USER_DEFINED,library_signature,decompiler_output_only,Non-default name from ghidra_psx_ldr auto-analysis (PsyQ Signatures analyzer or GTE macro segment); not independently reviewed.,0,0,main,
0x800559e8,20,SetIR123,,USER_DEFINED,library_signature,decompiler_output_only,Non-default name from ghidra_psx_ldr auto-analysis (PsyQ Signatures analyzer or GTE macro segment); not independently reviewed.,0,0,main,
0x800559fc,12,SetIR0,,USER_DEFINED,library_signature,decompiler_output_only,Non-default name from ghidra_psx_ldr auto-analysis (PsyQ Signatures analyzer or GTE macro segment); not independently reviewed.,0,0,main,
0x80055a08,20,SetSZfifo3,,USER_DEFINED,library_signature,decompiler_output_only,Non-default name from ghidra_psx_ldr auto-analysis (PsyQ Signatures analyzer or GTE macro segment); not independently reviewed.,0,0,main,
0x80055a1c,24,SetSZfifo4,,USER_DEFINED,library_signature,decompiler_output_only,Non-default name from ghidra_psx_ldr auto-analysis (PsyQ Signatures analyzer or GTE macro segment); not independently reviewed.,0,0,main,
0x80055a34,20,SetSXSYfifo,,USER_DEFINED,library_signature,decompiler_output_only,Non-default name from ghidra_psx_ldr auto-analysis (PsyQ Signatures analyzer or GTE macro segment); not independently reviewed.,0,0,main,
0x80055a48,20,SetRii,,USER_DEFINED,library_signature,decompiler_output_only,Non-default name from ghidra_psx_ldr auto-analysis (PsyQ Signatures analyzer or GTE macro segment); not independently reviewed.,0,0,main,
0x80055a5c,20,SetMAC123,,USER_DEFINED,library_signature,decompiler_output_only,Non-default name from ghidra_psx_ldr auto-analysis (PsyQ Signatures analyzer or GTE macro segment); not independently reviewed.,0,0,main,
0x80055a70,12,SetData32,,USER_DEFINED,library_signature,decompiler_output_only,Non-default name from ghidra_psx_ldr auto-analysis (PsyQ Signatures analyzer or GTE macro segment); not independently reviewed.,0,0,main,
0x80055a7c,12,SetDQA,,IMPORTED,library_signature,decompiler_output_only,Non-default name from ghidra_psx_ldr auto-analysis (PsyQ Signatures analyzer or GTE macro segment); not independently reviewed.,1,0,main,
0x80055a88,12,SetDQB,,IMPORTED,library_signature,decompiler_output_only,Non-default name from ghidra_psx_ldr auto-analysis (PsyQ Signatures analyzer or GTE macro segment); not independently reviewed.,1,0,main,
0x80055a94,976,GsSetRefView2,,IMPORTED,library_signature,decompiler_output_only,Non-default name from ghidra_psx_ldr auto-analysis (PsyQ Signatures analyzer or GTE macro segment); not independently reviewed.,1,9,main,
0x80055e64,212,GS_131_OBJ_3D0,,IMPORTED,library_signature,decompiler_output_only,Non-default name from ghidra_psx_ldr auto-analysis (PsyQ Signatures analyzer or GTE macro segment); not independently reviewed.,1,3,main,
0x80055f38,24,GS_131_OBJ_4A4,,USER_DEFINED,library_signature,decompiler_output_only,Non-default name from ghidra_psx_ldr auto-analysis (PsyQ Signatures analyzer or GTE macro segment); not independently reviewed.,1,0,main,
0x80055f50,200,GS_131_OBJ_4BC,,IMPORTED,library_signature,decompiler_output_only,Non-default name from ghidra_psx_ldr auto-analysis (PsyQ Signatures analyzer or GTE macro segment); not independently reviewed.,1,0,main,
0x80056018,28,GS_131_OBJ_584,,IMPORTED,library_signature,decompiler_output_only,Non-default name from ghidra_psx_ldr auto-analysis (PsyQ Signatures analyzer or GTE macro segment); not independently reviewed.,1,0,main,
0x80056034,276,FUN_80056034,,DEFAULT,unverified,decompiler_output_only,,1,1,main,
0x80056148,560,FUN_80056148,,DEFAULT,unverified,decompiler_output_only,,1,2,main,
0x80056378,524,FUN_80056378,,DEFAULT,unverified,decompiler_output_only,,1,2,main,
0x80056584,1124,FUN_80056584,,DEFAULT,unverified,decompiler_output_only,,1,4,main,
0x800569e8,32,FUN_800569e8,,DEFAULT,unverified,decompiler_output_only,,1,1,main,
0x80056a54,12,FUN_80056a54,,DEFAULT,unverified,decompiler_output_only,,2,0,main,
0x80056a60,144,FUN_80056a60,,DEFAULT,unverified,decompiler_output_only,,1,3,main,
0x80056af0,224,FUN_80056af0,,DEFAULT,unverified,decompiler_output_only,,1,0,main,
0x80056bd0,1564,FUN_80056bd0,,DEFAULT,unverified,decompiler_output_only,,1,6,main,
0x800571ec,560,FUN_800571ec,,DEFAULT,unverified,decompiler_output_only,,1,3,main,
0x8005741c,4100,FUN_8005741c,,DEFAULT,unverified,decompiler_output_only,,1,3,main,
0x80058420,764,FUN_80058420,,DEFAULT,unverified,decompiler_output_only,,2,11,main,
0x8005871c,596,FUN_8005871c,,DEFAULT,unverified,decompiler_output_only,,1,14,main,
0x80058970,1640,FUN_80058970,,DEFAULT,unverified,decompiler_output_only,,2,8,main,
0x80058fd8,1144,FUN_80058fd8,,DEFAULT,unverified,decompiler_output_only,,1,6,main,
0x80059450,1592,FUN_80059450,,DEFAULT,unverified,decompiler_output_only,,1,6,main,
0x80059a88,416,FUN_80059a88,,DEFAULT,unverified,decompiler_output_only,,2,0,main,
0x80059c28,2640,FUN_80059c28,,DEFAULT,unverified,decompiler_output_only,,2,2,main,
0x8005a678,2080,FUN_8005a678,,DEFAULT,unverified,decompiler_output_only,,2,1,main,
0x8005ae98,536,FUN_8005ae98,,DEFAULT,unverified,decompiler_output_only,,1,5,main,
0x8005b0b0,80,FUN_8005b0b0,,DEFAULT,unverified,decompiler_output_only,,1,1,main,
0x8005b100,160,FUN_8005b100,,DEFAULT,unverified,decompiler_output_only,,1,2,main,
0x8005b1a0,68,FUN_8005b1a0,,DEFAULT,unverified,decompiler_output_only,,2,4,main,
0x8005b230,68,FUN_8005b230,,DEFAULT,unverified,decompiler_output_only,,2,4,main,
0x8005b2a4,12,memset,,IMPORTED,library_signature,decompiler_output_only,Non-default name from ghidra_psx_ldr auto-analysis (PsyQ Signatures analyzer or GTE macro segment); not independently reviewed.,11,0,main,
0x8005b2b4,2180,FUN_8005b2b4,,DEFAULT,unverified,decompiler_output_only,,1,22,main,
0x8005bb38,520,FUN_8005bb38,,DEFAULT,unverified,decompiler_output_only,,2,6,main,
0x8005bd40,408,FUN_8005bd40,,DEFAULT,unverified,decompiler_output_only,,1,1,main,
0x8005bed8,1984,FUN_8005bed8,,DEFAULT,unverified,decompiler_output_only,,1,7,main,
0x8005c698,800,FUN_8005c698,,DEFAULT,unverified,decompiler_output_only,,1,6,main,
0x8005c9b8,2272,FUN_8005c9b8,,DEFAULT,unverified,decompiler_output_only,,1,26,main,
0x8005d298,820,FUN_8005d298,,DEFAULT,unverified,decompiler_output_only,,1,5,main,
0x8005d5cc,944,FUN_8005d5cc,,DEFAULT,unverified,decompiler_output_only,,1,7,main,
0x8005d97c,332,FUN_8005d97c,,DEFAULT,unverified,decompiler_output_only,,1,5,main,
0x8005dac8,2620,FUN_8005dac8,,DEFAULT,unverified,decompiler_output_only,,1,16,main,
0x8005e6a8,704,FUN_8005e6a8,,DEFAULT,unverified,decompiler_output_only,,1,1,main,
0x8005e968,588,FUN_8005e968,,DEFAULT,unverified,decompiler_output_only,,1,7,main,
0x8005eeb0,184,FUN_8005eeb0,,DEFAULT,unverified,decompiler_output_only,,1,9,main,
0x8005ef68,156,FUN_8005ef68,,DEFAULT,unverified,decompiler_output_only,,1,5,main,
0x8005f088,132,FUN_8005f088,,DEFAULT,unverified,decompiler_output_only,,1,2,main,
0x8005f10c,32,FUN_8005f10c,,DEFAULT,unverified,decompiler_output_only,,0,1,main,
0x8005f12c,32,FUN_8005f12c,,DEFAULT,unverified,decompiler_output_only,,0,1,main,
0x8005f14c,32,FUN_8005f14c,,DEFAULT,unverified,decompiler_output_only,,0,1,main,
0x8005f16c,32,FUN_8005f16c,,DEFAULT,unverified,decompiler_output_only,,0,1,main,
0x8005f18c,164,FUN_8005f18c,,DEFAULT,unverified,decompiler_output_only,,0,2,main,
0x8005f230,8,FUN_8005f230,,DEFAULT,unverified,decompiler_output_only,,0,0,main,
0x8005f238,76,FUN_8005f238,,DEFAULT,unverified,decompiler_output_only,,1,0,main,
0x8005f284,20,FUN_8005f284,,DEFAULT,unverified,decompiler_output_only,,1,0,main,
0x8005f2f8,380,FUN_8005f2f8,,DEFAULT,unverified,decompiler_output_only,,1,1,main,
0x8005f474,416,FUN_8005f474,,DEFAULT,unverified,decompiler_output_only,,1,2,main,
0x8005f614,260,FUN_8005f614,,DEFAULT,unverified,decompiler_output_only,,1,2,main,
0x8005f718,380,FUN_8005f718,,DEFAULT,unverified,decompiler_output_only,,1,1,main,
0x8005f894,1180,FUN_8005f894,,DEFAULT,unverified,decompiler_output_only,,1,1,main,
0x8005fd30,924,FUN_8005fd30,,DEFAULT,unverified,decompiler_output_only,,2,1,main,
0x800600cc,380,FUN_800600cc,,DEFAULT,unverified,decompiler_output_only,,2,1,main,
0x80060248,404,FUN_80060248,,DEFAULT,unverified,decompiler_output_only,,1,0,main,
0x800603dc,340,FUN_800603dc,,DEFAULT,unverified,decompiler_output_only,,1,4,main,
0x80060530,512,FUN_80060530,,DEFAULT,unverified,decompiler_output_only,,1,3,main,
0x80060730,8,FUN_80060730,,DEFAULT,unverified,decompiler_output_only,,1,0,main,
0x80060738,8,FUN_80060738,,DEFAULT,unverified,decompiler_output_only,,1,0,main,
0x80060740,136,FUN_80060740,,DEFAULT,unverified,decompiler_output_only,,1,4,main,
0x800607c8,136,FUN_800607c8,,DEFAULT,unverified,decompiler_output_only,,1,0,main,
0x80060850,172,FUN_80060850,,DEFAULT,unverified,decompiler_output_only,,2,3,main,
0x800608fc,256,FUN_800608fc,,DEFAULT,unverified,decompiler_output_only,,1,3,main,
0x800609fc,148,FUN_800609fc,,DEFAULT,unverified,decompiler_output_only,,2,2,main,
0x80060a90,272,FUN_80060a90,,DEFAULT,unverified,decompiler_output_only,,1,2,main,
0x80060ba0,276,FUN_80060ba0,,DEFAULT,unverified,decompiler_output_only,,1,3,main,
0x80060cb4,176,FUN_80060cb4,,DEFAULT,unverified,decompiler_output_only,,1,0,main,
0x80060d64,108,FUN_80060d64,,DEFAULT,unverified,decompiler_output_only,,1,3,main,
0x80060dd0,96,FUN_80060dd0,,DEFAULT,unverified,decompiler_output_only,,1,1,main,
0x80060e30,128,FUN_80060e30,,DEFAULT,unverified,decompiler_output_only,,2,1,main,
0x80060eb0,132,InvSquareRoot,,USER_DEFINED,library_signature,decompiler_output_only,Non-default name from ghidra_psx_ldr auto-analysis (PsyQ Signatures analyzer or GTE macro segment); not independently reviewed.,0,0,main,
0x80060f3c,20,VectorNormalS,,IMPORTED,library_signature,decompiler_output_only,Non-default name from ghidra_psx_ldr auto-analysis (PsyQ Signatures analyzer or GTE macro segment); not independently reviewed.,1,1,main,
0x80060f50,48,VectorNormal,,IMPORTED,library_signature,decompiler_output_only,Non-default name from ghidra_psx_ldr auto-analysis (PsyQ Signatures analyzer or GTE macro segment); not independently reviewed.,4,1,main,
0x80060f80,12,VectorNormalSS,,IMPORTED,library_signature,decompiler_output_only,Non-default name from ghidra_psx_ldr auto-analysis (PsyQ Signatures analyzer or GTE macro segment); not independently reviewed.,2,0,main,
0x80060f8c,36,MSC02_OBJ_DC,,IMPORTED,library_signature,decompiler_output_only,Non-default name from ghidra_psx_ldr auto-analysis (PsyQ Signatures analyzer or GTE macro segment); not independently reviewed.,1,1,main,
0x80060fb0,192,MSC02_OBJ_100,,IMPORTED,library_signature,decompiler_output_only,Non-default name from ghidra_psx_ldr auto-analysis (PsyQ Signatures analyzer or GTE macro segment); not independently reviewed.,3,0,main,
0x80061070,232,MatrixNormal,,USER_DEFINED,library_signature,decompiler_output_only,Non-default name from ghidra_psx_ldr auto-analysis (PsyQ Signatures analyzer or GTE macro segment); not independently reviewed.,0,1,main,
0x80061160,104,RotMatrixYXZ,,IMPORTED,library_signature,decompiler_output_only,Non-default name from ghidra_psx_ldr auto-analysis (PsyQ Signatures analyzer or GTE macro segment); not independently reviewed.,3,1,main,
0x800611c8,100,FGO_02_OBJ_68,,USER_DEFINED,library_signature,decompiler_output_only,Non-default name from ghidra_psx_ldr auto-analysis (PsyQ Signatures analyzer or GTE macro segment); not independently reviewed.,1,1,main,
0x8006122c,148,FGO_02_OBJ_CC,,USER_DEFINED,library_signature,decompiler_output_only,Non-default name from ghidra_psx_ldr auto-analysis (PsyQ Signatures analyzer or GTE macro segment); not independently reviewed.,1,1,main,
0x800612c0,300,FGO_02_OBJ_160,,USER_DEFINED,library_signature,decompiler_output_only,Non-default name from ghidra_psx_ldr auto-analysis (PsyQ Signatures analyzer or GTE macro segment); not independently reviewed.,1,0,main,
0x800613f0,148,sprintf,,IMPORTED,library_signature,decompiler_output_only,Non-default name from ghidra_psx_ldr auto-analysis (PsyQ Signatures analyzer or GTE macro segment); not independently reviewed.,8,0,main,
0x80061484,300,SPRINTF_OBJ_94,,USER_DEFINED,library_signature,decompiler_output_only,Non-default name from ghidra_psx_ldr auto-analysis (PsyQ Signatures analyzer or GTE macro segment); not independently reviewed.,0,1,main,
0x800615b0,156,SPRINTF_OBJ_1C0,,USER_DEFINED,library_signature,decompiler_output_only,Non-default name from ghidra_psx_ldr auto-analysis (PsyQ Signatures analyzer or GTE macro segment); not independently reviewed.,1,1,main,
0x8006164c,68,SPRINTF_OBJ_25C,,USER_DEFINED,library_signature,decompiler_output_only,Non-default name from ghidra_psx_ldr auto-analysis (PsyQ Signatures analyzer or GTE macro segment); not independently reviewed.,1,0,main,
0x80061690,36,SPRINTF_OBJ_2A0,,USER_DEFINED,library_signature,decompiler_output_only,Non-default name from ghidra_psx_ldr auto-analysis (PsyQ Signatures analyzer or GTE macro segment); not independently reviewed.,1,0,main,
0x800616b4,12,SPRINTF_OBJ_2C4,,USER_DEFINED,library_signature,decompiler_output_only,Non-default name from ghidra_psx_ldr auto-analysis (PsyQ Signatures analyzer or GTE macro segment); not independently reviewed.,0,1,main,
0x800616c0,12,SPRINTF_OBJ_2D0,,USER_DEFINED,library_signature,decompiler_output_only,Non-default name from ghidra_psx_ldr auto-analysis (PsyQ Signatures analyzer or GTE macro segment); not independently reviewed.,0,1,main,
0x800616cc,12,SPRINTF_OBJ_2DC,,USER_DEFINED,library_signature,decompiler_output_only,Non-default name from ghidra_psx_ldr auto-analysis (PsyQ Signatures analyzer or GTE macro segment); not independently reviewed.,0,0,main,
0x800616d8,32,SPRINTF_OBJ_2E8,,USER_DEFINED,library_signature,decompiler_output_only,Non-default name from ghidra_psx_ldr auto-analysis (PsyQ Signatures analyzer or GTE macro segment); not independently reviewed.,2,1,main,
0x800616f8,88,SPRINTF_OBJ_308,,USER_DEFINED,library_signature,decompiler_output_only,Non-default name from ghidra_psx_ldr auto-analysis (PsyQ Signatures analyzer or GTE macro segment); not independently reviewed.,0,1,main,
0x80061750,52,SPRINTF_OBJ_360,,USER_DEFINED,library_signature,decompiler_output_only,Non-default name from ghidra_psx_ldr auto-analysis (PsyQ Signatures analyzer or GTE macro segment); not independently reviewed.,0,0,main,
0x80061784,236,SPRINTF_OBJ_394,,USER_DEFINED,library_signature,decompiler_output_only,Non-default name from ghidra_psx_ldr auto-analysis (PsyQ Signatures analyzer or GTE macro segment); not independently reviewed.,1,1,main,
0x80061870,256,SPRINTF_OBJ_480,,USER_DEFINED,library_signature,decompiler_output_only,Non-default name from ghidra_psx_ldr auto-analysis (PsyQ Signatures analyzer or GTE macro segment); not independently reviewed.,0,1,main,
0x80061970,20,SPRINTF_OBJ_580,,USER_DEFINED,library_signature,decompiler_output_only,Non-default name from ghidra_psx_ldr auto-analysis (PsyQ Signatures analyzer or GTE macro segment); not independently reviewed.,0,0,main,
0x80061984,12,SPRINTF_OBJ_594,,USER_DEFINED,library_signature,decompiler_output_only,Non-default name from ghidra_psx_ldr auto-analysis (PsyQ Signatures analyzer or GTE macro segment); not independently reviewed.,0,1,main,
0x80061990,8,SPRINTF_OBJ_5A0,,USER_DEFINED,library_signature,decompiler_output_only,Non-default name from ghidra_psx_ldr auto-analysis (PsyQ Signatures analyzer or GTE macro segment); not independently reviewed.,0,0,main,
0x80061998,256,SPRINTF_OBJ_5A8,,USER_DEFINED,library_signature,decompiler_output_only,Non-default name from ghidra_psx_ldr auto-analysis (PsyQ Signatures analyzer or GTE macro segment); not independently reviewed.,1,1,main,
0x80061a98,32,SPRINTF_OBJ_6A8,,USER_DEFINED,library_signature,decompiler_output_only,Non-default name from ghidra_psx_ldr auto-analysis (PsyQ Signatures analyzer or GTE macro segment); not independently reviewed.,0,1,main,
0x80061ab8,140,SPRINTF_OBJ_6C8,,USER_DEFINED,library_signature,decompiler_output_only,Non-default name from ghidra_psx_ldr auto-analysis (PsyQ Signatures analyzer or GTE macro segment); not independently reviewed.,0,3,main,
0x80061b44,52,SPRINTF_OBJ_754,,USER_DEFINED,library_signature,decompiler_output_only,Non-default name from ghidra_psx_ldr auto-analysis (PsyQ Signatures analyzer or GTE macro segment); not independently reviewed.,0,1,main,
0x80061b78,24,SPRINTF_OBJ_788,,USER_DEFINED,library_signature,decompiler_output_only,Non-default name from ghidra_psx_ldr auto-analysis (PsyQ Signatures analyzer or GTE macro segment); not independently reviewed.,0,1,main,
0x80061b90,140,SPRINTF_OBJ_7A0,,USER_DEFINED,library_signature,decompiler_output_only,Non-default name from ghidra_psx_ldr auto-analysis (PsyQ Signatures analyzer or GTE macro segment); not independently reviewed.,5,1,main,
0x80061c1c,88,SPRINTF_OBJ_82C,,USER_DEFINED,library_signature,decompiler_output_only,Non-default name from ghidra_psx_ldr auto-analysis (PsyQ Signatures analyzer or GTE macro segment); not independently reviewed.,2,0,main,
0x80061c80,12,memchr,,IMPORTED,library_signature,decompiler_output_only,Non-default name from ghidra_psx_ldr auto-analysis (PsyQ Signatures analyzer or GTE macro segment); not independently reviewed.,1,0,main,
0x80061c90,100,memmove,,IMPORTED,library_signature,decompiler_output_only,Non-default name from ghidra_psx_ldr auto-analysis (PsyQ Signatures analyzer or GTE macro segment); not independently reviewed.,1,1,main,
0x80061cf4,8,MEMMOVE_OBJ_64,,USER_DEFINED,library_signature,decompiler_output_only,Non-default name from ghidra_psx_ldr auto-analysis (PsyQ Signatures analyzer or GTE macro segment); not independently reviewed.,1,0,main,
0x80061d00,268,FUN_80061d00,,DEFAULT,unverified,decompiler_output_only,,2,2,main,
0x80061e0c,100,FUN_80061e0c,,DEFAULT,unverified,decompiler_output_only,,1,3,main,
0x80061e70,8,FUN_80061e70,,DEFAULT,unverified,decompiler_output_only,,1,0,main,
0x80061e78,8,FUN_80061e78,,DEFAULT,unverified,decompiler_output_only,,1,0,main,
0x80061e80,108,FUN_80061e80,,DEFAULT,unverified,decompiler_output_only,,0,4,main,
0x80061eec,640,FUN_80061eec,,DEFAULT,unverified,decompiler_output_only,,1,12,main,
0x8006216c,444,FUN_8006216c,,DEFAULT,unverified,decompiler_output_only,,1,6,main,
0x80062328,9264,FUN_80062328,,DEFAULT,unverified,decompiler_output_only,,1,1,main,
0x80064758,440,FUN_80064758,,DEFAULT,unverified,decompiler_output_only,,1,1,main,
0x80064910,548,FUN_80064910,,DEFAULT,unverified,decompiler_output_only,,16,0,main,
0x80064b34,332,FUN_80064b34,,DEFAULT,unverified,decompiler_output_only,,1,1,main,
0x80064c80,1344,FUN_80064c80,,DEFAULT,unverified,decompiler_output_only,,1,8,main,
0x800651c0,2048,FUN_800651c0,,DEFAULT,unverified,decompiler_output_only,,1,10,main,
0x800659c0,1316,FUN_800659c0,,DEFAULT,unverified,decompiler_output_only,,1,6,main,
0x800663b4,1252,FUN_800663b4,,DEFAULT,unverified,decompiler_output_only,,1,6,main,
0x80066898,2664,FUN_80066898,,DEFAULT,unverified,decompiler_output_only,,1,11,main,
0x800677f4,1244,FUN_800677f4,,DEFAULT,unverified,decompiler_output_only,,1,6,main,
0x80067cd0,3832,FUN_80067cd0,,DEFAULT,unverified,decompiler_output_only,,1,11,main,
0x80068fb8,988,FUN_80068fb8,,DEFAULT,unverified,decompiler_output_only,,1,6,main,
0x80069394,888,FUN_80069394,,DEFAULT,unverified,decompiler_output_only,,1,7,main,
0x8006970c,2408,FUN_8006970c,,DEFAULT,unverified,decompiler_output_only,,1,9,main,
0x8006a5e0,1372,FUN_8006a5e0,,DEFAULT,unverified,decompiler_output_only,,1,6,main,
0x8006ab3c,336,FUN_8006ab3c,,DEFAULT,unverified,decompiler_output_only,,1,7,main,
0x8006ac8c,1468,FUN_8006ac8c,,DEFAULT,unverified,decompiler_output_only,,1,9,main,
0x8006b248,1256,FUN_8006b248,,DEFAULT,unverified,decompiler_output_only,,1,8,main,
0x8006b730,520,FUN_8006b730,,DEFAULT,unverified,decompiler_output_only,,1,10,main,
0x8006b938,4164,FUN_8006b938,,DEFAULT,unverified,decompiler_output_only,,1,39,main,
0x8006c97c,76,FUN_8006c97c,,DEFAULT,unverified,decompiler_output_only,,1,0,main,
0x8006c9c8,300,FUN_8006c9c8,,DEFAULT,unverified,decompiler_output_only,,1,3,main,
0x8006caf4,8,FUN_8006caf4,,DEFAULT,unverified,decompiler_output_only,,1,0,main,
0x8006cafc,216,FUN_8006cafc,,DEFAULT,unverified,decompiler_output_only,,9,0,main,
0x8006cbd4,8,FUN_8006cbd4,,DEFAULT,unverified,decompiler_output_only,,0,0,main,
0x8006cbdc,292,FUN_8006cbdc,,DEFAULT,unverified,decompiler_output_only,,7,0,main,
0x8006cd00,5736,FUN_8006cd00,,DEFAULT,unverified,decompiler_output_only,,0,21,main,
0x8006e368,32,FUN_8006e368,,DEFAULT,unverified,decompiler_output_only,,1,1,main,
0x8006e388,116,FUN_8006e388,,DEFAULT,unverified,decompiler_output_only,,0,1,main,
0x8006e3fc,24,FUN_8006e3fc,,DEFAULT,unverified,decompiler_output_only,,1,0,main,
0x8006e414,40,FUN_8006e414,,DEFAULT,unverified,decompiler_output_only,,0,0,main,
0x8006e43c,408,FUN_8006e43c,,DEFAULT,unverified,decompiler_output_only,,0,2,main,
0x8006e5d4,196,FUN_8006e5d4,,DEFAULT,unverified,decompiler_output_only,,0,1,main,
0x8006e698,184,FUN_8006e698,,DEFAULT,unverified,decompiler_output_only,,2,1,main,
0x8006e750,668,FUN_8006e750,,DEFAULT,unverified,decompiler_output_only,,0,2,main,
0x8006e9ec,1020,FUN_8006e9ec,,DEFAULT,unverified,decompiler_output_only,,0,1,main,
0x8006fd04,176,FUN_8006fd04,,DEFAULT,unverified,decompiler_output_only,,2,0,main,
0x8006fdb4,200,FUN_8006fdb4,,DEFAULT,unverified,decompiler_output_only,,1,0,main,
0x8006fe7c,348,FUN_8006fe7c,,DEFAULT,unverified,decompiler_output_only,,0,6,main,
0x8006ffd8,380,FUN_8006ffd8,,DEFAULT,unverified,decompiler_output_only,,0,0,main,
0x80070154,268,FUN_80070154,,DEFAULT,unverified,decompiler_output_only,,0,7,main,
0x800702f4,236,FUN_800702f4,,DEFAULT,unverified,decompiler_output_only,,0,1,main,
0x800703e0,452,FUN_800703e0,,DEFAULT,unverified,decompiler_output_only,,0,4,main,
0x800705a4,192,FUN_800705a4,,DEFAULT,unverified,decompiler_output_only,,0,0,main,
0x80071258,1804,FUN_80071258,,DEFAULT,unverified,decompiler_output_only,,1,7,main,
0x80071964,2232,FUN_80071964,,DEFAULT,unverified,decompiler_output_only,,1,14,main,
0x8007221c,2864,FUN_8007221c,,DEFAULT,unverified,decompiler_output_only,,1,10,main,
0x80072d4c,1736,FUN_80072d4c,,DEFAULT,unverified,decompiler_output_only,,1,7,main,
0x80073414,320,FUN_80073414,,DEFAULT,unverified,decompiler_output_only,,1,2,main,
0x80073554,2060,FUN_80073554,,DEFAULT,unverified,decompiler_output_only,,0,26,main,
0x80073d60,148,FUN_80073d60,,DEFAULT,unverified,decompiler_output_only,,0,5,main,
0x80073df4,64,FUN_80073df4,,DEFAULT,unverified,decompiler_output_only,,0,1,main,
0x80073e34,168,FUN_80073e34,,DEFAULT,unverified,decompiler_output_only,,1,0,main,
0x80073edc,844,FUN_80073edc,,DEFAULT,unverified,decompiler_output_only,,1,14,main,
0x80074228,504,FUN_80074228,,DEFAULT,unverified,decompiler_output_only,,1,3,main,
0x80074420,840,FUN_80074420,,DEFAULT,unverified,decompiler_output_only,,1,9,main,
0x80074768,460,FUN_80074768,,DEFAULT,unverified,decompiler_output_only,,1,8,main,
0x80074934,1480,FUN_80074934,,DEFAULT,unverified,decompiler_output_only,,1,18,main,
0x80074f30,356,FUN_80074f30,,DEFAULT,unverified,decompiler_output_only,,1,10,main,
0x80075094,240,FUN_80075094,,DEFAULT,unverified,decompiler_output_only,,0,6,main,
0x80075184,68,FUN_80075184,,DEFAULT,unverified,decompiler_output_only,,0,2,main,
0x800751c8,8,FUN_800751c8,,DEFAULT,unverified,decompiler_output_only,,0,0,main,
0x800751d0,136,FUN_800751d0,,DEFAULT,unverified,decompiler_output_only,,1,5,main,
0x800754b4,204,FUN_800754b4,,DEFAULT,unverified,decompiler_output_only,,1,8,main,
0x80075580,132,FUN_80075580,,DEFAULT,unverified,decompiler_output_only,,0,1,main,
0x80075604,168,FUN_80075604,,DEFAULT,unverified,decompiler_output_only,,0,0,main,
0x800756ac,68,FUN_800756ac,,DEFAULT,unverified,decompiler_output_only,,0,1,main,
0x80075af8,140,FUN_80075af8,,DEFAULT,unverified,decompiler_output_only,,0,0,main,
0x80075b84,576,FUN_80075b84,,DEFAULT,unverified,decompiler_output_only,,2,9,main,
0x80075dc4,544,FUN_80075dc4,,DEFAULT,unverified,decompiler_output_only,,2,7,main,
0x80075fe4,352,FUN_80075fe4,,DEFAULT,unverified,decompiler_output_only,,1,1,main,
0x80076144,60,FUN_80076144,,DEFAULT,unverified,decompiler_output_only,,1,0,main,
0x80076180,68,FUN_80076180,,DEFAULT,unverified,decompiler_output_only,,1,0,main,
0x800761c4,108,FUN_800761c4,,DEFAULT,unverified,decompiler_output_only,,2,4,main,
0x80076230,44,FUN_80076230,,DEFAULT,unverified,decompiler_output_only,,1,2,main,
0x8007625c,272,FUN_8007625c,,DEFAULT,unverified,decompiler_output_only,,2,4,main,
0x8007636c,24,GetClut,,IMPORTED,library_signature,decompiler_output_only,Non-default name from ghidra_psx_ldr auto-analysis (PsyQ Signatures analyzer or GTE macro segment); not independently reviewed.,2,0,main,
0x8007638c,156,FUN_8007638c,,DEFAULT,unverified,decompiler_output_only,,3,2,main,
0x800765d0,1712,FUN_800765d0,,DEFAULT,unverified,decompiler_output_only,,1,7,main,
0x80076c80,1464,FUN_80076c80,,DEFAULT,unverified,decompiler_output_only,,0,4,main,
0x80077238,1084,FUN_80077238,,DEFAULT,unverified,decompiler_output_only,,0,5,main,
0x80077674,1128,FUN_80077674,,DEFAULT,unverified,decompiler_output_only,,0,6,main,
0x80077adc,1116,FUN_80077adc,,DEFAULT,unverified,decompiler_output_only,,0,4,main,
0x80077f38,1700,FUN_80077f38,,DEFAULT,unverified,decompiler_output_only,,0,5,main,
0x800785dc,1116,FUN_800785dc,,DEFAULT,unverified,decompiler_output_only,,0,4,main,
0x80078a38,1172,FUN_80078a38,,DEFAULT,unverified,decompiler_output_only,,0,5,main,
0x80078ecc,1164,FUN_80078ecc,,DEFAULT,unverified,decompiler_output_only,,0,5,main,
0x80079358,1552,FUN_80079358,,DEFAULT,unverified,decompiler_output_only,,0,7,main,
0x80079968,1340,FUN_80079968,,DEFAULT,unverified,decompiler_output_only,,0,6,main,
0x80079ea4,1388,FUN_80079ea4,,DEFAULT,unverified,decompiler_output_only,,0,7,main,
0x8007a410,1252,FUN_8007a410,,DEFAULT,unverified,decompiler_output_only,,0,5,main,
0x8007a8f4,2412,FUN_8007a8f4,,DEFAULT,unverified,decompiler_output_only,,2,17,main,
0x8007b260,252,FUN_8007b260,,DEFAULT,unverified,decompiler_output_only,,1,4,main,
0x8007b35c,452,FUN_8007b35c,,DEFAULT,unverified,decompiler_output_only,,1,2,main,
0x8007b530,28,FUN_8007b530,,DEFAULT,unverified,decompiler_output_only,,3,0,main,
0x8007b54c,28,FUN_8007b54c,,DEFAULT,unverified,decompiler_output_only,,3,0,main,
0x8007b568,36,FUN_8007b568,,DEFAULT,unverified,decompiler_output_only,,3,0,main,
0x8007b5b0,128,FUN_8007b5b0,,DEFAULT,unverified,decompiler_output_only,,2,0,main,
0x8007b630,140,FUN_8007b630,,DEFAULT,unverified,decompiler_output_only,,3,0,main,
0x8007b778,264,FUN_8007b778,,DEFAULT,unverified,decompiler_output_only,,6,2,main,
0x8007b880,52,FUN_8007b880,,DEFAULT,unverified,decompiler_output_only,,1,1,main,
0x8007b8b4,100,FUN_8007b8b4,,DEFAULT,unverified,decompiler_output_only,,1,2,main,
0x8007b918,72,FUN_8007b918,,DEFAULT,unverified,decompiler_output_only,,1,1,main,
0x8007b960,116,FUN_8007b960,,DEFAULT,unverified,decompiler_output_only,,3,3,main,
0x8007b9d4,192,FUN_8007b9d4,,DEFAULT,unverified,decompiler_output_only,,1,1,main,
0x8007ba94,200,FUN_8007ba94,,DEFAULT,unverified,decompiler_output_only,,1,1,main,
0x8007bb5c,192,FUN_8007bb5c,,DEFAULT,unverified,decompiler_output_only,,1,2,main,
0x8007bc1c,356,FUN_8007bc1c,,DEFAULT,unverified,decompiler_output_only,,8,3,main,
0x8007bd80,108,FUN_8007bd80,,DEFAULT,unverified,decompiler_output_only,,3,0,main,
0x8007bdec,56,FUN_8007bdec,,DEFAULT,unverified,decompiler_output_only,,1,1,main,
0x8007be24,56,FUN_8007be24,,DEFAULT,unverified,decompiler_output_only,,1,1,main,
0x8007be5c,56,FUN_8007be5c,,DEFAULT,unverified,decompiler_output_only,,1,1,main,
0x8007be94,16,FUN_8007be94,,DEFAULT,unverified,decompiler_output_only,,2,0,main,
0x8007bea4,32,FUN_8007bea4,,DEFAULT,unverified,decompiler_output_only,,2,1,main,
0x8007bec4,32,FUN_8007bec4,,DEFAULT,unverified,decompiler_output_only,,1,1,main,
0x8007bee4,400,FUN_8007bee4,,DEFAULT,unverified,decompiler_output_only,,1,5,main,
0x8007c074,424,FUN_8007c074,,DEFAULT,unverified,decompiler_output_only,,1,7,main,
0x8007c21c,360,FUN_8007c21c,,DEFAULT,unverified,decompiler_output_only,,1,2,main,
0x8007c384,236,FUN_8007c384,,DEFAULT,unverified,decompiler_output_only,,0,10,main,
0x8007c470,112,GsMapModelingData,,IMPORTED,library_signature,decompiler_output_only,Non-default name from ghidra_psx_ldr auto-analysis (PsyQ Signatures analyzer or GTE macro segment); not independently reviewed.,1,0,main,
0x8007c4e0,28,GsLinkObject5,,IMPORTED,library_signature,decompiler_output_only,Non-default name from ghidra_psx_ldr auto-analysis (PsyQ Signatures analyzer or GTE macro segment); not independently reviewed.,1,0,main,
0x8007c4fc,236,GsPresetObject,,IMPORTED,library_signature,decompiler_output_only,Non-default name from ghidra_psx_ldr auto-analysis (PsyQ Signatures analyzer or GTE macro segment); not independently reviewed.,1,1,main,
0x8007c5e8,68,PRESET_OBJ_108,,USER_DEFINED,library_signature,decompiler_output_only,Non-default name from ghidra_psx_ldr auto-analysis (PsyQ Signatures analyzer or GTE macro segment); not independently reviewed.,1,0,main,
0x8007c62c,92,PRESET_OBJ_14C,,USER_DEFINED,library_signature,decompiler_output_only,Non-default name from ghidra_psx_ldr auto-analysis (PsyQ Signatures analyzer or GTE macro segment); not independently reviewed.,0,1,main,
0x8007c688,36,PRESET_OBJ_1A8,,USER_DEFINED,library_signature,decompiler_output_only,Non-default name from ghidra_psx_ldr auto-analysis (PsyQ Signatures analyzer or GTE macro segment); not independently reviewed.,0,1,main,
0x8007c6ac,120,PRESET_OBJ_1CC,,USER_DEFINED,library_signature,decompiler_output_only,Non-default name from ghidra_psx_ldr auto-analysis (PsyQ Signatures analyzer or GTE macro segment); not independently reviewed.,0,1,main,
0x8007c724,164,PRESET_OBJ_244,,USER_DEFINED,library_signature,decompiler_output_only,Non-default name from ghidra_psx_ldr auto-analysis (PsyQ Signatures analyzer or GTE macro segment); not independently reviewed.,0,2,main,
0x8007c7c8,152,PRESET_OBJ_2E8,,USER_DEFINED,library_signature,decompiler_output_only,Non-default name from ghidra_psx_ldr auto-analysis (PsyQ Signatures analyzer or GTE macro segment); not independently reviewed.,0,1,main,
0x8007c860,28,PRESET_OBJ_380,,USER_DEFINED,library_signature,decompiler_output_only,Non-default name from ghidra_psx_ldr auto-analysis (PsyQ Signatures analyzer or GTE macro segment); not independently reviewed.,0,1,main,
0x8007c87c,24,PRESET_OBJ_39C,,USER_DEFINED,library_signature,decompiler_output_only,Non-default name from ghidra_psx_ldr auto-analysis (PsyQ Signatures analyzer or GTE macro segment); not independently reviewed.,0,0,main,
0x8007c894,12,PRESET_OBJ_3B4,,USER_DEFINED,library_signature,decompiler_output_only,Non-default name from ghidra_psx_ldr auto-analysis (PsyQ Signatures analyzer or GTE macro segment); not independently reviewed.,1,1,main,
0x8007c8a0,144,PRESET_OBJ_3C0,,USER_DEFINED,library_signature,decompiler_output_only,Non-default name from ghidra_psx_ldr auto-analysis (PsyQ Signatures analyzer or GTE macro segment); not independently reviewed.,0,1,main,
0x8007c930,100,PRESET_OBJ_450,,USER_DEFINED,library_signature,decompiler_output_only,Non-default name from ghidra_psx_ldr auto-analysis (PsyQ Signatures analyzer or GTE macro segment); not independently reviewed.,0,1,main,
0x8007c994,192,PRESET_OBJ_4B4,,USER_DEFINED,library_signature,decompiler_output_only,Non-default name from ghidra_psx_ldr auto-analysis (PsyQ Signatures analyzer or GTE macro segment); not independently reviewed.,0,1,main,
0x8007ca54,76,PRESET_OBJ_574,,USER_DEFINED,library_signature,decompiler_output_only,Non-default name from ghidra_psx_ldr auto-analysis (PsyQ Signatures analyzer or GTE macro segment); not independently reviewed.,0,1,main,
0x8007caa0,124,PRESET_OBJ_5C0,,USER_DEFINED,library_signature,decompiler_output_only,Non-default name from ghidra_psx_ldr auto-analysis (PsyQ Signatures analyzer or GTE macro segment); not independently reviewed.,0,1,main,
0x8007cb1c,172,PRESET_OBJ_63C,,USER_DEFINED,library_signature,decompiler_output_only,Non-default name from ghidra_psx_ldr auto-analysis (PsyQ Signatures analyzer or GTE macro segment); not independently reviewed.,0,1,main,
0x8007cbc8,92,PRESET_OBJ_6E8,,USER_DEFINED,library_signature,decompiler_output_only,Non-default name from ghidra_psx_ldr auto-analysis (PsyQ Signatures analyzer or GTE macro segment); not independently reviewed.,0,0,main,
0x8007cc24,4,PRESET_OBJ_744,,USER_DEFINED,library_signature,decompiler_output_only,Non-default name from ghidra_psx_ldr auto-analysis (PsyQ Signatures analyzer or GTE macro segment); not independently reviewed.,1,0,main,
0x8007cc28,12,PRESET_OBJ_748,,USER_DEFINED,library_signature,decompiler_output_only,Non-default name from ghidra_psx_ldr auto-analysis (PsyQ Signatures analyzer or GTE macro segment); not independently reviewed.,4,1,main,
0x8007cc34,148,PRESET_OBJ_754,,USER_DEFINED,library_signature,decompiler_output_only,Non-default name from ghidra_psx_ldr auto-analysis (PsyQ Signatures analyzer or GTE macro segment); not independently reviewed.,0,1,main,
0x8007ccc8,216,PRESET_OBJ_7E8,,USER_DEFINED,library_signature,decompiler_output_only,Non-default name from ghidra_psx_ldr auto-analysis (PsyQ Signatures analyzer or GTE macro segment); not independently reviewed.,0,0,main,
0x8007cda0,12,PRESET_OBJ_8C0,,USER_DEFINED,library_signature,decompiler_output_only,Non-default name from ghidra_psx_ldr auto-analysis (PsyQ Signatures analyzer or GTE macro segment); not independently reviewed.,7,1,main,
0x8007cdac,48,PRESET_OBJ_8CC,,USER_DEFINED,library_signature,decompiler_output_only,Non-default name from ghidra_psx_ldr auto-analysis (PsyQ Signatures analyzer or GTE macro segment); not independently reviewed.,0,1,main,
0x8007cddc,104,PRESET_OBJ_8FC,,USER_DEFINED,library_signature,decompiler_output_only,Non-default name from ghidra_psx_ldr auto-analysis (PsyQ Signatures analyzer or GTE macro segment); not independently reviewed.,4,0,main,
0x8007ce50,232,FUN_8007ce50,,DEFAULT,unverified,decompiler_output_only,,3,0,main,
0x8007cf38,1308,FUN_8007cf38,,DEFAULT,unverified,decompiler_output_only,,1,12,main,
0x8007d454,1108,FUN_8007d454,,DEFAULT,unverified,decompiler_output_only,,1,4,main,
0x8007d8a8,1156,FUN_8007d8a8,,DEFAULT,unverified,decompiler_output_only,,1,9,main,
0x8007dd2c,656,FUN_8007dd2c,,DEFAULT,unverified,decompiler_output_only,,1,4,main,
0x8007dfbc,168,FUN_8007dfbc,,DEFAULT,unverified,decompiler_output_only,,1,1,main,
0x8007e064,168,FUN_8007e064,,DEFAULT,unverified,decompiler_output_only,,2,1,main,
0x8007e10c,144,FUN_8007e10c,,DEFAULT,unverified,decompiler_output_only,,1,1,main,
0x8007e19c,76,FUN_8007e19c,,DEFAULT,unverified,decompiler_output_only,,1,0,main,
0x8007e1e8,100,RotMatrixZYX,,IMPORTED,library_signature,decompiler_output_only,Non-default name from ghidra_psx_ldr auto-analysis (PsyQ Signatures analyzer or GTE macro segment); not independently reviewed.,1,1,main,
0x8007e24c,104,FGO_03_OBJ_64,,USER_DEFINED,library_signature,decompiler_output_only,Non-default name from ghidra_psx_ldr auto-analysis (PsyQ Signatures analyzer or GTE macro segment); not independently reviewed.,1,1,main,
0x8007e2b4,148,FGO_03_OBJ_CC,,USER_DEFINED,library_signature,decompiler_output_only,Non-default name from ghidra_psx_ldr auto-analysis (PsyQ Signatures analyzer or GTE macro segment); not independently reviewed.,1,1,main,
0x8007e348,300,FGO_03_OBJ_160,,USER_DEFINED,library_signature,decompiler_output_only,Non-default name from ghidra_psx_ldr auto-analysis (PsyQ Signatures analyzer or GTE macro segment); not independently reviewed.,1,0,main,
0x8007e478,100,RotMatrixX,,IMPORTED,library_signature,decompiler_output_only,Non-default name from ghidra_psx_ldr auto-analysis (PsyQ Signatures analyzer or GTE macro segment); not independently reviewed.,1,1,main,
0x8007e4dc,308,FGO_04_OBJ_64,,USER_DEFINED,library_signature,decompiler_output_only,Non-default name from ghidra_psx_ldr auto-analysis (PsyQ Signatures analyzer or GTE macro segment); not independently reviewed.,1,0,main,
0x8007e618,100,RotMatrixY,,IMPORTED,library_signature,decompiler_output_only,Non-default name from ghidra_psx_ldr auto-analysis (PsyQ Signatures analyzer or GTE macro segment); not independently reviewed.,2,1,main,
0x8007e67c,308,FGO_05_OBJ_64,,USER_DEFINED,library_signature,decompiler_output_only,Non-default name from ghidra_psx_ldr auto-analysis (PsyQ Signatures analyzer or GTE macro segment); not independently reviewed.,1,0,main,
0x8007e7b8,332,FUN_8007e7b8,,DEFAULT,unverified,decompiler_output_only,,1,2,main,
0x8007e904,164,FUN_8007e904,,DEFAULT,unverified,decompiler_output_only,,2,0,main,
0x8007e9a8,180,FUN_8007e9a8,,DEFAULT,unverified,decompiler_output_only,,1,1,main,
0x8007ea5c,276,FUN_8007ea5c,,DEFAULT,unverified,decompiler_output_only,,2,2,main,
0x8007eb70,316,FUN_8007eb70,,DEFAULT,unverified,decompiler_output_only,,1,4,main,
0x8007ee38,56,FUN_8007ee38,,DEFAULT,unverified,decompiler_output_only,,25,0,main,
0x8007ee70,44,FUN_8007ee70,,DEFAULT,unverified,decompiler_output_only,,4,0,main,
0x8007eea8,8,FUN_8007eea8,,DEFAULT,unverified,decompiler_output_only,,1,0,main,
0x8007eeb0,48,FUN_8007eeb0,,DEFAULT,unverified,decompiler_output_only,,7,0,main,
0x8007eee0,48,FUN_8007eee0,,DEFAULT,unverified,decompiler_output_only,,3,1,main,
0x8007ef10,40,FUN_8007ef10,,DEFAULT,unverified,decompiler_output_only,,3,0,main,
0x8007ef38,84,FUN_8007ef38,,DEFAULT,unverified,decompiler_output_only,,5,1,main,
0x8007ef8c,156,FUN_8007ef8c,,DEFAULT,unverified,decompiler_output_only,,1,1,main,
0x8007f028,68,FUN_8007f028,,DEFAULT,unverified,decompiler_output_only,,1,0,main,
0x8007f06c,16,FUN_8007f06c,,DEFAULT,unverified,decompiler_output_only,,2,0,main,
0x8007f07c,32,FUN_8007f07c,,DEFAULT,unverified,decompiler_output_only,,6,1,main,
0x8007f09c,8,FUN_8007f09c,,DEFAULT,unverified,decompiler_output_only,,2,0,main,
0x8007f0a4,56,FUN_8007f0a4,,DEFAULT,unverified,decompiler_output_only,,3,0,main,
0x8007f0dc,52,FUN_8007f0dc,,DEFAULT,unverified,decompiler_output_only,,3,0,main,
0x8007f110,60,FUN_8007f110,,DEFAULT,unverified,decompiler_output_only,,2,0,main,
0x8007f14c,88,FUN_8007f14c,,DEFAULT,unverified,decompiler_output_only,,6,1,main,
0x8007f1a4,16,FUN_8007f1a4,,DEFAULT,unverified,decompiler_output_only,,0,0,main,
0x8007f218,204,FUN_8007f218,,DEFAULT,unverified,decompiler_output_only,,0,3,main,
0x8007f2e4,20,FUN_8007f2e4,,DEFAULT,unverified,decompiler_output_only,,1,0,main,
0x8007f2f8,60,FUN_8007f2f8,,DEFAULT,unverified,decompiler_output_only,,1,2,main,
0x8007f334,416,FUN_8007f334,,DEFAULT,unverified,decompiler_output_only,,1,2,main,
0x8007f598,180,FUN_8007f598,,DEFAULT,unverified,decompiler_output_only,,0,2,main,
0x8007f64c,16,FUN_8007f64c,,DEFAULT,unverified,decompiler_output_only,,0,0,main,
0x8007f66c,16,FUN_8007f66c,,DEFAULT,unverified,decompiler_output_only,,0,0,main,
0x8007f67c,36,FUN_8007f67c,,DEFAULT,unverified,decompiler_output_only,,2,0,main,
0x8007f714,80,FUN_8007f714,,DEFAULT,unverified,decompiler_output_only,,0,1,main,
0x8007f764,56,FUN_8007f764,,DEFAULT,unverified,decompiler_output_only,,1,1,main,
0x8007f79c,56,FUN_8007f79c,,DEFAULT,unverified,decompiler_output_only,,1,1,main,
0x8007f840,184,FUN_8007f840,,DEFAULT,unverified,decompiler_output_only,,1,0,main,
0x8007f8f8,112,FUN_8007f8f8,,DEFAULT,unverified,decompiler_output_only,,1,0,main,
0x8007f968,24,FUN_8007f968,,DEFAULT,unverified,decompiler_output_only,,4,0,main,
0x8007f998,32,FUN_8007f998,,DEFAULT,unverified,decompiler_output_only,,1,0,main,
0x8007f9b8,248,FUN_8007f9b8,,DEFAULT,unverified,decompiler_output_only,,1,1,main,
0x8007fab0,476,FUN_8007fab0,,DEFAULT,unverified,decompiler_output_only,,1,2,main,
0x8007fc8c,352,FUN_8007fc8c,,DEFAULT,unverified,decompiler_output_only,,0,6,main,
0x8007fdec,8356,FUN_8007fdec,,DEFAULT,unverified,decompiler_output_only,,0,24,main,
0x80081e90,160,FUN_80081e90,,DEFAULT,unverified,decompiler_output_only,,0,3,main,
0x80081f30,284,FUN_80081f30,,DEFAULT,unverified,decompiler_output_only,,1,0,main,
0x8008204c,1228,FUN_8008204c,,DEFAULT,unverified,decompiler_output_only,,1,1,main,
0x8008253c,1128,FUN_8008253c,,DEFAULT,unverified,decompiler_output_only,,1,3,main,
0x800829a4,1068,FUN_800829a4,,DEFAULT,unverified,decompiler_output_only,,1,2,main,
0x80082dd0,2980,FUN_80082dd0,,DEFAULT,unverified,decompiler_output_only,,1,7,main,
0x80083974,632,FUN_80083974,,DEFAULT,unverified,decompiler_output_only,,2,0,main,
0x80083bec,584,FUN_80083bec,,DEFAULT,unverified,decompiler_output_only,,1,0,main,
0x80083f68,1000,FUN_80083f68,,DEFAULT,unverified,decompiler_output_only,,1,1,main,
0x80084350,80,FUN_80084350,,DEFAULT,unverified,decompiler_output_only,,1,0,main,
0x800843a0,52,FUN_800843a0,,DEFAULT,unverified,decompiler_output_only,,1,0,main,
0x800843dc,1100,FUN_800843dc,,DEFAULT,unverified,decompiler_output_only,,3,8,main,
0x80084828,164,FUN_80084828,,DEFAULT,unverified,decompiler_output_only,,1,0,main,
0x800848cc,436,FUN_800848cc,,DEFAULT,unverified,decompiler_output_only,,2,2,main,
0x80084a80,1384,FUN_80084a80,,DEFAULT,unverified,decompiler_output_only,,1,5,main,
0x80084fe8,620,FUN_80084fe8,,DEFAULT,unverified,decompiler_output_only,,1,3,main,
0x80085254,772,FUN_80085254,,DEFAULT,unverified,decompiler_output_only,,1,4,main,
0x80085558,208,FUN_80085558,,DEFAULT,unverified,decompiler_output_only,,5,0,main,
0x80085628,996,FUN_80085628,,DEFAULT,unverified,decompiler_output_only,,1,7,main,
0x80085a0c,132,FUN_80085a0c,,DEFAULT,unverified,decompiler_output_only,,1,0,main,
0x80085b50,260,FUN_80085b50,,DEFAULT,unverified,decompiler_output_only,,2,3,main,
0x80085c54,112,FUN_80085c54,,DEFAULT,unverified,decompiler_output_only,,1,1,main,
0x80085cc4,128,FUN_80085cc4,,DEFAULT,unverified,decompiler_output_only,,4,2,main,
0x80085d44,128,FUN_80085d44,,DEFAULT,unverified,decompiler_output_only,,4,2,main,
0x80085dc4,200,FUN_80085dc4,,DEFAULT,unverified,decompiler_output_only,,4,2,main,
0x80085e8c,128,FUN_80085e8c,,DEFAULT,unverified,decompiler_output_only,,1,2,main,
0x80085f0c,128,FUN_80085f0c,,DEFAULT,unverified,decompiler_output_only,,1,2,main,
0x80085f8c,64,FUN_80085f8c,,DEFAULT,unverified,decompiler_output_only,,1,0,main,
0x80085fcc,44,FUN_80085fcc,,DEFAULT,unverified,decompiler_output_only,,3,0,main,
0x80085ff8,256,FUN_80085ff8,,DEFAULT,unverified,decompiler_output_only,,1,3,main,
0x800860f8,452,FUN_800860f8,,DEFAULT,unverified,decompiler_output_only,,2,4,main,
0x800862bc,120,FUN_800862bc,,DEFAULT,unverified,decompiler_output_only,,2,1,main,
0x80086334,324,FUN_80086334,,DEFAULT,unverified,decompiler_output_only,,4,5,main,
0x80086478,444,FUN_80086478,,DEFAULT,unverified,decompiler_output_only,,4,3,main,
0x80086634,188,FUN_80086634,,DEFAULT,unverified,decompiler_output_only,,1,1,main,
0x800866f0,392,FUN_800866f0,,DEFAULT,unverified,decompiler_output_only,,1,2,main,
0x80086878,2008,FUN_80086878,,DEFAULT,unverified,decompiler_output_only,,2,7,main,
0x80087050,312,FUN_80087050,,DEFAULT,unverified,decompiler_output_only,,2,1,main,
0x80087188,776,FUN_80087188,,DEFAULT,unverified,decompiler_output_only,,1,5,main,
0x80087490,532,FUN_80087490,,DEFAULT,unverified,decompiler_output_only,,1,6,main,
0x800876a4,332,FUN_800876a4,,DEFAULT,unverified,decompiler_output_only,,1,3,main,
0x800877f0,328,FUN_800877f0,,DEFAULT,unverified,decompiler_output_only,,1,0,main,
0x80087938,2172,FUN_80087938,,DEFAULT,unverified,decompiler_output_only,,1,10,main,
0x800881b4,704,FUN_800881b4,,DEFAULT,unverified,decompiler_output_only,,1,7,main,
0x80088474,1044,FUN_80088474,,DEFAULT,unverified,decompiler_output_only,,2,5,main,
0x80088888,1176,FUN_80088888,,DEFAULT,unverified,decompiler_output_only,,1,7,main,
0x80088d20,1012,FUN_80088d20,,DEFAULT,unverified,decompiler_output_only,,1,6,main,
0x80089114,604,FUN_80089114,,DEFAULT,unverified,decompiler_output_only,,1,2,main,
0x80089370,1348,FUN_80089370,,DEFAULT,unverified,decompiler_output_only,,1,8,main,
0x800898b4,656,FUN_800898b4,,DEFAULT,unverified,decompiler_output_only,,1,8,main,
0x80089b44,608,FUN_80089b44,,DEFAULT,unverified,decompiler_output_only,,1,6,main,
0x80089da4,2856,FUN_80089da4,,DEFAULT,unverified,decompiler_output_only,,1,9,main,
0x8008a8cc,268,FUN_8008a8cc,,DEFAULT,unverified,decompiler_output_only,,1,2,main,
0x8008a9d8,612,FUN_8008a9d8,,DEFAULT,unverified,decompiler_output_only,,1,6,main,
0x8008ac3c,456,FUN_8008ac3c,,DEFAULT,unverified,decompiler_output_only,,2,3,main,
0x8008ae04,876,FUN_8008ae04,,DEFAULT,unverified,decompiler_output_only,,1,8,main,
0x8008b170,4284,FUN_8008b170,,DEFAULT,unverified,decompiler_output_only,,1,18,main,
0x8008c22c,780,FUN_8008c22c,,DEFAULT,unverified,decompiler_output_only,,1,6,main,
0x8008c538,636,FUN_8008c538,,DEFAULT,unverified,decompiler_output_only,,1,8,main,
0x8008c7b4,432,FUN_8008c7b4,,DEFAULT,unverified,decompiler_output_only,,2,1,main,
0x8008c964,412,FUN_8008c964,,DEFAULT,unverified,decompiler_output_only,,1,11,main,
0x8008cb00,572,FUN_8008cb00,,DEFAULT,unverified,decompiler_output_only,,1,15,main,
0x8008cd3c,6784,FUN_8008cd3c,,DEFAULT,unverified,decompiler_output_only,,0,38,main,
0x8008e7bc,908,FUN_8008e7bc,,DEFAULT,unverified,decompiler_output_only,,0,2,main,
0x8008eb48,100,FUN_8008eb48,,DEFAULT,unverified,decompiler_output_only,,1,5,main,
0x8008ebac,380,FUN_8008ebac,,DEFAULT,unverified,decompiler_output_only,,1,6,main,
0x8008ed28,1324,FUN_8008ed28,,DEFAULT,unverified,decompiler_output_only,,1,8,main,
0x8008f254,760,FUN_8008f254,,DEFAULT,unverified,decompiler_output_only,,1,7,main,
0x8008f54c,2484,FUN_8008f54c,,DEFAULT,unverified,decompiler_output_only,,1,12,main,
0x8008ff00,500,FUN_8008ff00,,DEFAULT,unverified,decompiler_output_only,,0,4,main,
0x800900f4,472,FUN_800900f4,,DEFAULT,unverified,decompiler_output_only,,1,9,main,
0x800902cc,1364,FUN_800902cc,,DEFAULT,unverified,decompiler_output_only,,0,14,main,
0x80090820,64,FUN_80090820,,DEFAULT,unverified,decompiler_output_only,,0,1,main,
0x80090860,1812,FUN_80090860,,DEFAULT,unverified,decompiler_output_only,,1,6,main,
0x80090f74,2672,FUN_80090f74,,DEFAULT,unverified,decompiler_output_only,,1,7,main,
0x800919e4,448,FUN_800919e4,,DEFAULT,unverified,decompiler_output_only,,0,3,main,
0x80091ba4,636,FUN_80091ba4,,DEFAULT,unverified,decompiler_output_only,,1,9,main,
0x80091e20,1684,FUN_80091e20,,DEFAULT,unverified,decompiler_output_only,,0,14,main,
0x800924b4,72,FUN_800924b4,,DEFAULT,unverified,decompiler_output_only,,0,0,main,
0x800924fc,60,FUN_800924fc,,DEFAULT,unverified,decompiler_output_only,,2,1,main,
0x80092538,540,FUN_80092538,,DEFAULT,unverified,decompiler_output_only,,1,3,main,
0x80092754,256,FUN_80092754,,DEFAULT,unverified,decompiler_output_only,,1,1,main,
0x80092854,276,FUN_80092854,,DEFAULT,unverified,decompiler_output_only,,1,3,main,
0x80092968,280,FUN_80092968,,DEFAULT,unverified,decompiler_output_only,,1,4,main,
0x80092a80,552,FUN_80092a80,,DEFAULT,unverified,decompiler_output_only,,1,1,main,
0x80092ca8,200,FUN_80092ca8,,DEFAULT,unverified,decompiler_output_only,,2,1,main,
0x80092d70,244,FUN_80092d70,,DEFAULT,unverified,decompiler_output_only,,1,3,main,
0x80092e64,168,FUN_80092e64,,DEFAULT,unverified,decompiler_output_only,,1,2,main,
0x80092f0c,48,FUN_80092f0c,,DEFAULT,unverified,decompiler_output_only,,1,1,main,
0x80092f3c,104,FUN_80092f3c,,DEFAULT,unverified,decompiler_output_only,,3,0,main,
0x80092fa4,136,FUN_80092fa4,,DEFAULT,unverified,decompiler_output_only,,2,0,main,
0x8009302c,24,FUN_8009302c,,DEFAULT,unverified,decompiler_output_only,,2,0,main,
0x8009304c,148,FUN_8009304c,,DEFAULT,unverified,decompiler_output_only,,2,0,main,
0x800930e0,76,FUN_800930e0,,DEFAULT,unverified,decompiler_output_only,,1,2,main,
0x8009312c,60,FUN_8009312c,,DEFAULT,unverified,decompiler_output_only,,1,1,main,
0x80093168,1944,FUN_80093168,,DEFAULT,unverified,decompiler_output_only,,1,5,main,
0x80093900,436,FUN_80093900,,DEFAULT,unverified,decompiler_output_only,,1,0,main,
0x80093ab4,52,FUN_80093ab4,,DEFAULT,unverified,decompiler_output_only,,1,0,main,
0x80093ae8,488,FUN_80093ae8,,DEFAULT,unverified,decompiler_output_only,,1,5,main,
0x80093cd0,372,FUN_80093cd0,,DEFAULT,unverified,decompiler_output_only,,2,2,main,
0x80093e44,220,FUN_80093e44,,DEFAULT,unverified,decompiler_output_only,,0,2,main,
0x80093f20,1792,FUN_80093f20,,DEFAULT,unverified,decompiler_output_only,,0,6,main,
0x80094620,3952,FUN_80094620,,DEFAULT,unverified,decompiler_output_only,,0,21,main,
0x80095590,1616,FUN_80095590,,DEFAULT,unverified,decompiler_output_only,,0,5,main,
0x80095cd8,12,strncmp,,IMPORTED,library_signature,decompiler_output_only,Non-default name from ghidra_psx_ldr auto-analysis (PsyQ Signatures analyzer or GTE macro segment); not independently reviewed.,3,0,main,
0x80095ce8,12,bcopy,,IMPORTED,library_signature,decompiler_output_only,Non-default name from ghidra_psx_ldr auto-analysis (PsyQ Signatures analyzer or GTE macro segment); not independently reviewed.,5,0,main,
0x80095cf8,452,FUN_80095cf8,,DEFAULT,unverified,decompiler_output_only,,1,2,main,
0x80095ebc,324,FUN_80095ebc,,DEFAULT,unverified,decompiler_output_only,,3,3,main,
0x80096000,384,FUN_80096000,,DEFAULT,unverified,decompiler_output_only,,1,5,main,
0x8009643c,60,FUN_8009643c,,DEFAULT,unverified,decompiler_output_only,,7,0,main,
0x80096478,36,FUN_80096478,,DEFAULT,unverified,decompiler_output_only,,3,1,main,
0x8009649c,56,FUN_8009649c,,DEFAULT,unverified,decompiler_output_only,,3,0,main,
0x80096518,64,FUN_80096518,,DEFAULT,unverified,decompiler_output_only,,1,0,main,
0x80096558,200,FUN_80096558,,DEFAULT,unverified,decompiler_output_only,,1,2,main,
0x80096620,44,FUN_80096620,,DEFAULT,unverified,decompiler_output_only,,1,0,main,
0x8009664c,36,FUN_8009664c,,DEFAULT,unverified,decompiler_output_only,,1,0,main,
0x80096670,56,FUN_80096670,,DEFAULT,unverified,decompiler_output_only,,1,1,main,
0x800966f8,640,FUN_800966f8,,DEFAULT,unverified,decompiler_output_only,,1,0,main,
0x80096978,1856,FUN_80096978,,DEFAULT,unverified,decompiler_output_only,,1,2,main,
0x80097134,176,FUN_80097134,,DEFAULT,unverified,decompiler_output_only,,1,1,main,
0x800971e4,156,FUN_800971e4,,DEFAULT,unverified,decompiler_output_only,,1,1,main,
0x80097280,36,FUN_80097280,,DEFAULT,unverified,decompiler_output_only,,2,0,main,
0x800972a4,324,FUN_800972a4,,DEFAULT,unverified,decompiler_output_only,,1,4,main,
0x800973e8,1420,FUN_800973e8,,DEFAULT,unverified,decompiler_output_only,,1,17,main,
0x80097974,132,FUN_80097974,,DEFAULT,unverified,decompiler_output_only,,2,1,main,
0x800979f8,212,GsSetOffset,,IMPORTED,library_signature,decompiler_output_only,Non-default name from ghidra_psx_ldr auto-analysis (PsyQ Signatures analyzer or GTE macro segment); not independently reviewed.,2,3,main,
0x80097acc,20,GS_004_OBJ_D4,,USER_DEFINED,library_signature,decompiler_output_only,Non-default name from ghidra_psx_ldr auto-analysis (PsyQ Signatures analyzer or GTE macro segment); not independently reviewed.,1,0,main,
0x80097ae8,164,GsSwapDispBuff,,IMPORTED,library_signature,decompiler_output_only,Non-default name from ghidra_psx_ldr auto-analysis (PsyQ Signatures analyzer or GTE macro segment); not independently reviewed.,1,4,main,
0x80097b98,36,FUN_80097b98,,DEFAULT,unverified,decompiler_output_only,,1,1,main,
0x80097bc8,88,GsClearOt,,IMPORTED,library_signature,decompiler_output_only,Non-default name from ghidra_psx_ldr auto-analysis (PsyQ Signatures analyzer or GTE macro segment); not independently reviewed.,2,1,main,
0x80097c28,12,FUN_80097c28,,DEFAULT,unverified,decompiler_output_only,,2,0,main,
0x80097c38,120,FUN_80097c38,,DEFAULT,unverified,decompiler_output_only,,2,0,main,
0x80097cb8,28,FUN_80097cb8,,DEFAULT,unverified,decompiler_output_only,,1,0,main,
0x80097cd4,28,FUN_80097cd4,,DEFAULT,unverified,decompiler_output_only,,2,0,main,
0x80097cf0,28,FUN_80097cf0,,DEFAULT,unverified,decompiler_output_only,,1,0,main,
0x80097d0c,28,FUN_80097d0c,,DEFAULT,unverified,decompiler_output_only,,1,0,main,
0x80097d28,28,FUN_80097d28,,DEFAULT,unverified,decompiler_output_only,,0,0,main,
0x80097d60,28,FUN_80097d60,,DEFAULT,unverified,decompiler_output_only,,1,0,main,
0x80097d7c,28,FUN_80097d7c,,DEFAULT,unverified,decompiler_output_only,,1,0,main,
0x80097d98,28,FUN_80097d98,,DEFAULT,unverified,decompiler_output_only,,1,0,main,
0x80097db4,28,FUN_80097db4,,DEFAULT,unverified,decompiler_output_only,,1,0,main,
0x80097dd0,28,FUN_80097dd0,,DEFAULT,unverified,decompiler_output_only,,2,0,main,
0x80097dec,28,FUN_80097dec,,DEFAULT,unverified,decompiler_output_only,,2,0,main,
0x80097e28,28,FUN_80097e28,,DEFAULT,unverified,decompiler_output_only,,0,0,main,
0x80097e44,28,FUN_80097e44,,DEFAULT,unverified,decompiler_output_only,,0,0,main,
0x80097e60,28,FUN_80097e60,,DEFAULT,unverified,decompiler_output_only,,0,0,main,
0x80097e7c,28,FUN_80097e7c,,DEFAULT,unverified,decompiler_output_only,,0,0,main,
0x80097e98,16,FUN_80097e98,,DEFAULT,unverified,decompiler_output_only,,0,0,main,
0x80097ea8,16,FUN_80097ea8,,DEFAULT,unverified,decompiler_output_only,,0,0,main,
0x80097eb8,96,FUN_80097eb8,,DEFAULT,unverified,decompiler_output_only,,2,1,main,
0x80097f18,168,FUN_80097f18,,DEFAULT,unverified,decompiler_output_only,,1,1,main,
0x80098050,116,FUN_80098050,,DEFAULT,unverified,decompiler_output_only,,1,1,main,
0x800980c4,264,FUN_800980c4,,DEFAULT,unverified,decompiler_output_only,,1,0,main,
0x800981cc,140,FUN_800981cc,,DEFAULT,unverified,decompiler_output_only,,1,0,main,
0x8009851c,172,FUN_8009851c,,DEFAULT,unverified,decompiler_output_only,,2,1,main,
0x800985c8,696,FUN_800985c8,,DEFAULT,unverified,decompiler_output_only,,7,1,main,
0x80098880,1804,FUN_80098880,,DEFAULT,unverified,decompiler_output_only,,77,0,main,
0x80098f8c,316,FUN_80098f8c,,DEFAULT,unverified,decompiler_output_only,,0,5,main,
0x800991e0,20,FUN_800991e0,,DEFAULT,unverified,decompiler_output_only,,0,0,main,
0x800991f4,288,FUN_800991f4,,DEFAULT,unverified,decompiler_output_only,,1,0,main,
0x80099314,312,FUN_80099314,,DEFAULT,unverified,decompiler_output_only,,2,0,main,
0x8009944c,144,FUN_8009944c,,DEFAULT,unverified,decompiler_output_only,,1,2,main,
0x800994dc,332,FUN_800994dc,,DEFAULT,unverified,decompiler_output_only,,1,1,main,
0x80099628,244,FUN_80099628,,DEFAULT,unverified,decompiler_output_only,,0,2,main,
0x8009971c,84,FUN_8009971c,,DEFAULT,unverified,decompiler_output_only,,1,0,main,
0x80099778,20,FUN_80099778,,DEFAULT,unverified,decompiler_output_only,,1,0,main,
0x8009978c,76,FUN_8009978c,,DEFAULT,unverified,decompiler_output_only,,1,2,main,
0x800997d8,24,FUN_800997d8,,DEFAULT,unverified,decompiler_output_only,,3,0,main,
0x800997f0,24,FUN_800997f0,,DEFAULT,unverified,decompiler_output_only,,1,0,main,
0x80099808,24,FUN_80099808,,DEFAULT,unverified,decompiler_output_only,,1,0,main,
0x80099820,28,FUN_80099820,,DEFAULT,unverified,decompiler_output_only,,1,0,main,
0x8009983c,140,FUN_8009983c,,DEFAULT,unverified,decompiler_output_only,,1,0,main,
0x800998c8,8,FUN_800998c8,,DEFAULT,unverified,decompiler_output_only,,1,0,main,
0x80099910,108,FUN_80099910,,DEFAULT,unverified,decompiler_output_only,,1,1,main,
0x8009997c,104,FUN_8009997c,,DEFAULT,unverified,decompiler_output_only,,1,1,main,
0x800999e4,116,FUN_800999e4,,DEFAULT,unverified,decompiler_output_only,,1,0,main,
0x80099a58,76,FUN_80099a58,,DEFAULT,unverified,decompiler_output_only,,1,0,main,
0x80099b18,8,FUN_80099b18,,DEFAULT,unverified,decompiler_output_only,,1,0,main,
0x80099b40,368,FUN_80099b40,,DEFAULT,unverified,decompiler_output_only,,0,4,main,
0x80099cb0,396,FUN_80099cb0,,DEFAULT,unverified,decompiler_output_only,,1,5,main,
0x80099e3c,72,FUN_80099e3c,,DEFAULT,unverified,decompiler_output_only,,0,1,main,
0x80099e9c,64,FUN_80099e9c,,DEFAULT,unverified,decompiler_output_only,,1,0,main,
0x80099edc,532,FUN_80099edc,,DEFAULT,unverified,decompiler_output_only,,3,1,main,
0x8009a108,352,FUN_8009a108,,DEFAULT,unverified,decompiler_output_only,,2,4,main,
0x8009a268,628,FUN_8009a268,,DEFAULT,unverified,decompiler_output_only,,2,2,main,
0x8009a4dc,592,FUN_8009a4dc,,DEFAULT,unverified,decompiler_output_only,,1,5,main,
0x8009a72c,108,FUN_8009a72c,,DEFAULT,unverified,decompiler_output_only,,2,0,main,
0x8009ab24,788,FUN_8009ab24,,DEFAULT,unverified,decompiler_output_only,,1,6,main,
0x8009ae38,240,FUN_8009ae38,,DEFAULT,unverified,decompiler_output_only,,1,2,main,
0x8009af28,384,FUN_8009af28,,DEFAULT,unverified,decompiler_output_only,,1,7,main,
0x8009b0a8,1240,FUN_8009b0a8,,DEFAULT,unverified,decompiler_output_only,,1,3,main,
0x8009b588,48,FUN_8009b588,,DEFAULT,unverified,decompiler_output_only,,2,0,main,
0x8009b5b8,40,FUN_8009b5b8,,DEFAULT,unverified,decompiler_output_only,,1,0,main,
0x8009b5e0,24,FUN_8009b5e0,,DEFAULT,unverified,decompiler_output_only,,1,0,main,
0x8009b5f8,28,FUN_8009b5f8,,DEFAULT,unverified,decompiler_output_only,,1,0,main,
0x8009b614,136,FUN_8009b614,,DEFAULT,unverified,decompiler_output_only,,1,0,main,
0x8009b69c,48,FUN_8009b69c,,DEFAULT,unverified,decompiler_output_only,,1,1,main,
0x8009b6cc,20,FUN_8009b6cc,,DEFAULT,unverified,decompiler_output_only,,1,0,main,
0x8009b6e0,164,FUN_8009b6e0,,DEFAULT,unverified,decompiler_output_only,,2,1,main,
0x8009b784,144,FUN_8009b784,,DEFAULT,unverified,decompiler_output_only,,1,1,main,
0x8009b814,24,FUN_8009b814,,DEFAULT,unverified,decompiler_output_only,,1,0,main,
0x8009b82c,44,FUN_8009b82c,,DEFAULT,unverified,decompiler_output_only,,0,0,main,
0x8009b858,52,FUN_8009b858,,DEFAULT,unverified,decompiler_output_only,,1,0,main,
0x8009b8bc,40,FUN_8009b8bc,,DEFAULT,unverified,decompiler_output_only,,0,0,main,
0x8009b93c,12,close,,IMPORTED,library_signature,decompiler_output_only,Non-default name from ghidra_psx_ldr auto-analysis (PsyQ Signatures analyzer or GTE macro segment); not independently reviewed.,2,0,main,
0x8009b94c,1456,FUN_8009b94c,,DEFAULT,unverified,decompiler_output_only,,1,9,main,
0x8009befc,304,FUN_8009befc,,DEFAULT,unverified,decompiler_output_only,,1,2,main,
0x8009c02c,1352,FUN_8009c02c,,DEFAULT,unverified,decompiler_output_only,,1,11,main,
0x8009c574,128,FUN_8009c574,,DEFAULT,unverified,decompiler_output_only,,1,0,main,
0x8009c5f4,2860,FUN_8009c5f4,,DEFAULT,unverified,decompiler_output_only,,1,0,main,
0x8009d120,248,FUN_8009d120,,DEFAULT,unverified,decompiler_output_only,,1,1,main,
0x8009d274,136,FUN_8009d274,,DEFAULT,unverified,decompiler_output_only,,7,0,main,
0x8009d330,72,FUN_8009d330,,DEFAULT,unverified,decompiler_output_only,,1,0,main,
0x8009d478,40,FUN_8009d478,,DEFAULT,unverified,decompiler_output_only,,1,1,main,
0x8009d54c,384,FUN_8009d54c,,DEFAULT,unverified,decompiler_output_only,,2,1,main,
0x8009d6cc,1024,FUN_8009d6cc,,DEFAULT,unverified,decompiler_output_only,,1,6,main,
0x8009dacc,608,FUN_8009dacc,,DEFAULT,unverified,decompiler_output_only,,1,6,main,
0x8009ddcc,180,FUN_8009ddcc,,DEFAULT,unverified,decompiler_output_only,,1,2,main,
0x8009df58,12,strncpy,,IMPORTED,library_signature,decompiler_output_only,Non-default name from ghidra_psx_ldr auto-analysis (PsyQ Signatures analyzer or GTE macro segment); not independently reviewed.,1,0,main,
0x8009df68,328,FUN_8009df68,,DEFAULT,unverified,decompiler_output_only,,1,2,main,
0x8009e0b0,136,FUN_8009e0b0,,DEFAULT,unverified,decompiler_output_only,,1,2,main,
0x8009e138,516,FUN_8009e138,,DEFAULT,unverified,decompiler_output_only,,1,1,main,
0x8009e33c,400,FUN_8009e33c,,DEFAULT,unverified,decompiler_output_only,,1,3,main,
0x8009e4cc,1512,FUN_8009e4cc,,DEFAULT,unverified,decompiler_output_only,,1,6,main,
0x8009eab4,1240,FUN_8009eab4,,DEFAULT,unverified,decompiler_output_only,,1,3,main,
0x8009f0a8,744,FUN_8009f0a8,,DEFAULT,unverified,decompiler_output_only,,0,12,main,
0x8009f390,100,FUN_8009f390,,DEFAULT,unverified,decompiler_output_only,,5,0,main,
0x8009f508,44,FUN_8009f508,,DEFAULT,unverified,decompiler_output_only,,1,1,main,
0x8009f820,80,FUN_8009f820,,DEFAULT,unverified,decompiler_output_only,,5,1,main,
0x8009fe58,124,FUN_8009fe58,,DEFAULT,unverified,decompiler_output_only,,1,1,main,
0x8009fed4,120,GsSetClip,,IMPORTED,library_signature,decompiler_output_only,Non-default name from ghidra_psx_ldr auto-analysis (PsyQ Signatures analyzer or GTE macro segment); not independently reviewed.,1,1,main,
0x8009ff54,32,FUN_8009ff54,,DEFAULT,unverified,decompiler_output_only,,1,0,main,
0x8009ff74,24,FUN_8009ff74,,DEFAULT,unverified,decompiler_output_only,,2,0,main,
0x8009ff8c,36,FUN_8009ff8c,,DEFAULT,unverified,decompiler_output_only,,8,0,main,
0x800a0008,32,FUN_800a0008,,DEFAULT,unverified,decompiler_output_only,,0,0,main,
0x800a0028,24,FUN_800a0028,,DEFAULT,unverified,decompiler_output_only,,3,0,main,
0x800a0040,84,FUN_800a0040,,DEFAULT,unverified,decompiler_output_only,,1,0,main,
0x800a0094,24,FUN_800a0094,,DEFAULT,unverified,decompiler_output_only,,3,0,main,
0x800a00ac,24,FUN_800a00ac,,DEFAULT,unverified,decompiler_output_only,,1,0,main,
0x800a00d4,1388,FUN_800a00d4,,DEFAULT,unverified,decompiler_output_only,,11,22,main,
0x800a0640,300,FUN_800a0640,,DEFAULT,unverified,decompiler_output_only,,0,0,main,
0x800a076c,76,FUN_800a076c,,DEFAULT,unverified,decompiler_output_only,,1,0,main,
0x800a0930,252,FUN_800a0930,,DEFAULT,unverified,decompiler_output_only,,1,3,main,
0x800a0a2c,300,FUN_800a0a2c,,DEFAULT,unverified,decompiler_output_only,,1,3,main,
0x800a0c04,172,FUN_800a0c04,,DEFAULT,unverified,decompiler_output_only,,1,1,main,
0x800a0cb0,48,FUN_800a0cb0,,DEFAULT,unverified,decompiler_output_only,,1,0,main,
0x800a0ce0,32,FUN_800a0ce0,,DEFAULT,unverified,decompiler_output_only,,1,1,main,
0x800a0d00,48,FUN_800a0d00,,DEFAULT,unverified,decompiler_output_only,,0,0,main,
0x800a0d30,32,FUN_800a0d30,,DEFAULT,unverified,decompiler_output_only,,0,1,main,
0x800a0d50,52,FUN_800a0d50,,DEFAULT,unverified,decompiler_output_only,,0,0,main,
0x800a0d84,32,FUN_800a0d84,,DEFAULT,unverified,decompiler_output_only,,0,1,main,
0x800a0da4,52,FUN_800a0da4,,DEFAULT,unverified,decompiler_output_only,,0,0,main,
0x800a0dd8,32,FUN_800a0dd8,,DEFAULT,unverified,decompiler_output_only,,0,1,main,
0x800a0df8,52,FUN_800a0df8,,DEFAULT,unverified,decompiler_output_only,,0,0,main,
0x800a0e2c,32,FUN_800a0e2c,,DEFAULT,unverified,decompiler_output_only,,0,1,main,
0x800a0e4c,40,FUN_800a0e4c,,DEFAULT,unverified,decompiler_output_only,,0,0,main,
0x800a0e74,32,FUN_800a0e74,,DEFAULT,unverified,decompiler_output_only,,0,1,main,
0x800a0e94,40,FUN_800a0e94,,DEFAULT,unverified,decompiler_output_only,,0,0,main,
0x800a0ebc,32,FUN_800a0ebc,,DEFAULT,unverified,decompiler_output_only,,0,1,main,
0x800a0f7c,52,FUN_800a0f7c,,DEFAULT,unverified,decompiler_output_only,,0,0,main,
0x800a0fb0,32,FUN_800a0fb0,,DEFAULT,unverified,decompiler_output_only,,0,1,main,
0x800a0fd0,52,FUN_800a0fd0,,DEFAULT,unverified,decompiler_output_only,,0,0,main,
0x800a1004,32,FUN_800a1004,,DEFAULT,unverified,decompiler_output_only,,0,1,main,
0x800a1074,40,FUN_800a1074,,DEFAULT,unverified,decompiler_output_only,,0,0,main,
0x800a109c,32,FUN_800a109c,,DEFAULT,unverified,decompiler_output_only,,0,1,main,
0x800a10bc,128,FUN_800a10bc,,DEFAULT,unverified,decompiler_output_only,,1,0,main,
0x800a1160,168,FUN_800a1160,,DEFAULT,unverified,decompiler_output_only,,1,2,main,
0x800a1208,72,FUN_800a1208,,DEFAULT,unverified,decompiler_output_only,,1,0,main,
0x800a12e0,200,FUN_800a12e0,,DEFAULT,unverified,decompiler_output_only,,1,2,main,
0x800a13a8,104,FUN_800a13a8,,DEFAULT,unverified,decompiler_output_only,,1,1,main,
0x800a1410,28,FUN_800a1410,,DEFAULT,unverified,decompiler_output_only,,1,0,main,
0x800a142c,40,FUN_800a142c,,DEFAULT,unverified,decompiler_output_only,,0,0,main,
0x800a1454,32,FUN_800a1454,,DEFAULT,unverified,decompiler_output_only,,0,1,main,
0x800a1474,212,FUN_800a1474,,DEFAULT,unverified,decompiler_output_only,,0,2,main,
0x800a1724,1460,FUN_800a1724,,DEFAULT,unverified,decompiler_output_only,,0,7,main,
0x800a1cd8,620,FUN_800a1cd8,,DEFAULT,unverified,decompiler_output_only,,1,2,main,
0x800a1f44,44,FUN_800a1f44,,DEFAULT,unverified,decompiler_output_only,,2,1,main,
0x800a1f70,44,FUN_800a1f70,,DEFAULT,unverified,decompiler_output_only,,1,1,main,
0x800a1f9c,44,FUN_800a1f9c,,DEFAULT,unverified,decompiler_output_only,,1,1,main,
0x800a1fc8,84,FUN_800a1fc8,,DEFAULT,unverified,decompiler_output_only,,1,0,main,
0x800a201c,100,FUN_800a201c,,DEFAULT,unverified,decompiler_output_only,,1,0,main,
0x800a21d0,32,FUN_800a21d0,,DEFAULT,unverified,decompiler_output_only,,1,1,main,
0x800a21f0,32,FUN_800a21f0,,DEFAULT,unverified,decompiler_output_only,,1,1,main,
0x800a2210,32,FUN_800a2210,,DEFAULT,unverified,decompiler_output_only,,1,1,main,
0x800a22b0,32,FUN_800a22b0,,DEFAULT,unverified,decompiler_output_only,,1,1,main,
0x800a22d0,32,FUN_800a22d0,,DEFAULT,unverified,decompiler_output_only,,1,1,main,
0x800a22f0,76,FUN_800a22f0,,DEFAULT,unverified,decompiler_output_only,,1,1,main,
0x800a233c,40,FUN_800a233c,,DEFAULT,unverified,decompiler_output_only,,0,2,main,
0x800a2364,32,SsGetMute,,IMPORTED,library_signature,decompiler_output_only,Non-default name from ghidra_psx_ldr auto-analysis (PsyQ Signatures analyzer or GTE macro segment); not independently reviewed.,0,1,main,
0x800a2384,168,FUN_800a2384,,DEFAULT,unverified,decompiler_output_only,,1,0,main,
0x800a242c,16,FUN_800a242c,,DEFAULT,unverified,decompiler_output_only,,1,0,main,
0x800a2460,316,FUN_800a2460,,DEFAULT,unverified,decompiler_output_only,,1,1,main,
0x800a25c4,68,FUN_800a25c4,,DEFAULT,unverified,decompiler_output_only,,1,2,main,
0x800a2618,84,FUN_800a2618,,DEFAULT,unverified,decompiler_output_only,,1,2,main,
0x800a2674,32,FUN_800a2674,,DEFAULT,unverified,decompiler_output_only,,1,1,main,
0x800a2694,224,FUN_800a2694,,DEFAULT,unverified,decompiler_output_only,,1,4,main,
0x800a2808,884,FUN_800a2808,,DEFAULT,unverified,decompiler_output_only,,1,4,main,
0x800a2bcc,80,FUN_800a2bcc,,DEFAULT,unverified,decompiler_output_only,,1,0,main,
0x800a2ce8,72,FUN_800a2ce8,,DEFAULT,unverified,decompiler_output_only,,1,0,main,
0x800a2d30,228,FUN_800a2d30,,DEFAULT,unverified,decompiler_output_only,,1,1,main,
0x800a3294,144,FUN_800a3294,,DEFAULT,unverified,decompiler_output_only,,1,1,main,
0x800a3348,104,FUN_800a3348,,DEFAULT,unverified,decompiler_output_only,,1,1,main,
0x800a345c,244,FUN_800a345c,,DEFAULT,unverified,decompiler_output_only,,1,1,main,
0x800a3550,60,FUN_800a3550,,DEFAULT,unverified,decompiler_output_only,,1,0,main,
0x800a358c,140,FUN_800a358c,,DEFAULT,unverified,decompiler_output_only,,1,3,main,
0x800a3618,48,FUN_800a3618,,DEFAULT,unverified,decompiler_output_only,,2,0,main,
0x800a3648,100,FUN_800a3648,,DEFAULT,unverified,decompiler_output_only,,1,1,main,
0x800a36d8,28,FUN_800a36d8,,DEFAULT,unverified,decompiler_output_only,,1,0,main,
0x800a36f4,48,FUN_800a36f4,,DEFAULT,unverified,decompiler_output_only,,1,0,main,
0x800a3724,48,FUN_800a3724,,DEFAULT,unverified,decompiler_output_only,,1,0,main,
0x800a3754,28,FUN_800a3754,,DEFAULT,unverified,decompiler_output_only,,1,0,main,
0x800a3770,136,FUN_800a3770,,DEFAULT,unverified,decompiler_output_only,,1,0,main,
0x800a37f8,84,FUN_800a37f8,,DEFAULT,unverified,decompiler_output_only,,0,0,main,
0x800a384c,540,FUN_800a384c,,DEFAULT,unverified,decompiler_output_only,,1,6,main,
0x800a3a68,644,FUN_800a3a68,,DEFAULT,unverified,decompiler_output_only,,1,6,main,
0x800a3cec,976,FUN_800a3cec,,DEFAULT,unverified,decompiler_output_only,,1,2,main,
0x800a40bc,800,FUN_800a40bc,,DEFAULT,unverified,decompiler_output_only,,1,2,main,
0x800a43dc,1980,FUN_800a43dc,,DEFAULT,unverified,decompiler_output_only,,1,3,main,
0x800a4b98,348,FUN_800a4b98,,DEFAULT,unverified,decompiler_output_only,,1,0,main,
0x800a4cf4,548,FUN_800a4cf4,,DEFAULT,unverified,decompiler_output_only,,1,2,main,
0x800a4f18,432,FUN_800a4f18,,DEFAULT,unverified,decompiler_output_only,,1,1,main,
0x800a50c8,4424,FUN_800a50c8,,DEFAULT,unverified,decompiler_output_only,,1,6,main,
0x800a6210,176,FUN_800a6210,,DEFAULT,unverified,decompiler_output_only,,1,3,main,
0x800a62c0,192,FUN_800a62c0,,DEFAULT,unverified,decompiler_output_only,,1,0,main,
0x800a6380,168,FUN_800a6380,,DEFAULT,unverified,decompiler_output_only,,1,1,main,
0x800a6430,656,FUN_800a6430,,DEFAULT,unverified,decompiler_output_only,,5,1,main,
0x800a66c0,504,FUN_800a66c0,,DEFAULT,unverified,decompiler_output_only,,1,1,main,
0x800a68b8,1520,FUN_800a68b8,,DEFAULT,unverified,decompiler_output_only,,1,13,main,
0x800a6ea8,208,FUN_800a6ea8,,DEFAULT,unverified,decompiler_output_only,,1,2,main,
0x800a6f78,608,FUN_800a6f78,,DEFAULT,unverified,decompiler_output_only,,1,3,main,
0x800a71d8,1888,FUN_800a71d8,,DEFAULT,unverified,decompiler_output_only,,1,2,main,
0x800a7938,280,FUN_800a7938,,DEFAULT,unverified,decompiler_output_only,,1,4,main,
0x800a8254,564,FUN_800a8254,,DEFAULT,unverified,decompiler_output_only,,1,2,main,
0x800a8488,260,FUN_800a8488,,DEFAULT,unverified,decompiler_output_only,,1,2,main,
0x800a858c,288,FUN_800a858c,,DEFAULT,unverified,decompiler_output_only,,1,6,main,
0x800a86ac,52,FUN_800a86ac,,DEFAULT,unverified,decompiler_output_only,,1,1,main,
0x800a86e0,284,FUN_800a86e0,,DEFAULT,unverified,decompiler_output_only,,1,5,main,
0x800a87fc,76,FUN_800a87fc,,DEFAULT,unverified,decompiler_output_only,,1,1,main,
0x800a8848,164,FUN_800a8848,,DEFAULT,unverified,decompiler_output_only,,2,1,main,
0x800a88ec,164,FUN_800a88ec,,DEFAULT,unverified,decompiler_output_only,,2,1,main,
0x800a8990,324,FUN_800a8990,,DEFAULT,unverified,decompiler_output_only,,3,0,main,
0x800a8ad4,56,FUN_800a8ad4,,DEFAULT,unverified,decompiler_output_only,,1,3,main,
0x800a8b0c,176,FUN_800a8b0c,,DEFAULT,unverified,decompiler_output_only,,1,7,main,
0x800a8bbc,20,FUN_800a8bbc,,DEFAULT,unverified,decompiler_output_only,,1,0,main,
0x800a8bd0,64,FUN_800a8bd0,,DEFAULT,unverified,decompiler_output_only,,1,0,main,
0x800a8c10,224,FUN_800a8c10,,DEFAULT,unverified,decompiler_output_only,,1,1,main,
0x800a8cf0,168,FUN_800a8cf0,,DEFAULT,unverified,decompiler_output_only,,1,1,main,
0x800a8d98,224,FUN_800a8d98,,DEFAULT,unverified,decompiler_output_only,,1,1,main,
0x800a8e78,516,FUN_800a8e78,,DEFAULT,unverified,decompiler_output_only,,1,1,main,
0x800a9210,240,FUN_800a9210,,DEFAULT,unverified,decompiler_output_only,,1,4,main,
0x800a9300,844,FUN_800a9300,,DEFAULT,unverified,decompiler_output_only,,1,2,main,
0x800a964c,924,FUN_800a964c,,DEFAULT,unverified,decompiler_output_only,,1,2,main,
0x800a99e8,1232,FUN_800a99e8,,DEFAULT,unverified,decompiler_output_only,,1,3,main,
0x800a9eb8,2392,FUN_800a9eb8,,DEFAULT,unverified,decompiler_output_only,,1,16,main,
0x800aa810,536,FUN_800aa810,,DEFAULT,unverified,decompiler_output_only,,1,1,main,
0x800aaa28,628,FUN_800aaa28,,DEFAULT,unverified,decompiler_output_only,,1,2,main,
0x800aac9c,272,FUN_800aac9c,,DEFAULT,unverified,decompiler_output_only,,1,1,main,
0x800aadac,396,FUN_800aadac,,DEFAULT,unverified,decompiler_output_only,,1,0,main,
0x800aaf38,872,FUN_800aaf38,,DEFAULT,unverified,decompiler_output_only,,1,2,main,
0x800ab2a0,360,FUN_800ab2a0,,DEFAULT,unverified,decompiler_output_only,,1,3,main,
0x800ab408,864,FUN_800ab408,,DEFAULT,unverified,decompiler_output_only,,1,8,main,
0x800ab768,764,FUN_800ab768,,DEFAULT,unverified,decompiler_output_only,,1,4,main,
0x800aba64,48,FUN_800aba64,,DEFAULT,unverified,decompiler_output_only,,1,2,main,
0x800aba94,8,FUN_800aba94,,DEFAULT,unverified,decompiler_output_only,,1,0,main,
0x800aba9c,20,FUN_800aba9c,,DEFAULT,unverified,decompiler_output_only,,1,0,main,
0x800abab0,56,FUN_800abab0,,DEFAULT,unverified,decompiler_output_only,,1,1,main,
0x800abae8,1484,FUN_800abae8,,DEFAULT,unverified,decompiler_output_only,,1,4,main,
0x800ac0b4,436,FUN_800ac0b4,,DEFAULT,unverified,decompiler_output_only,,4,0,main,
0x800ac268,84,FUN_800ac268,,DEFAULT,unverified,decompiler_output_only,,1,0,main,
0x800ac2bc,624,FUN_800ac2bc,,DEFAULT,unverified,decompiler_output_only,,17,1,main,
0x800ac52c,568,FUN_800ac52c,,DEFAULT,unverified,decompiler_output_only,,1,0,main,
0x800ac764,292,FUN_800ac764,,DEFAULT,unverified,decompiler_output_only,,6,0,main,
0x801305b0,1,FUN_801305b0,,DEFAULT,unverified,decompiler_output_only,,1,0,main,
0x801306a0,1,FUN_801306a0,,DEFAULT,unverified,decompiler_output_only,,1,0,main,
0x80130de0,1,FUN_80130de0,,DEFAULT,unverified,decompiler_output_only,,1,0,main,
0x801322b0,1,FUN_801322b0,,DEFAULT,unverified,decompiler_output_only,,1,0,main,
0x80132660,1,FUN_80132660,,DEFAULT,unverified,decompiler_output_only,,1,0,main,
0x8013da68,1,FUN_8013da68,,DEFAULT,unverified,decompiler_output_only,,1,0,main,
0x80174de4,1,FUN_80174de4,,DEFAULT,unverified,decompiler_output_only,,1,0,main,
0x80175618,1,FUN_80175618,,DEFAULT,unverified,decompiler_output_only,,1,0,main,
0x8017568c,1,FUN_8017568c,,DEFAULT,unverified,decompiler_output_only,,1,0,main,
0x80175844,1,FUN_80175844,,DEFAULT,unverified,decompiler_output_only,,1,0,main,
0x8017d904,1,FUN_8017d904,,DEFAULT,unverified,decompiler_output_only,,1,0,main,
0x801e413c,1,FUN_801e413c,,DEFAULT,unverified,decompiler_output_only,,0,0,main,
0x801e41e8,1,FUN_801e41e8,,DEFAULT,unverified,decompiler_output_only,,0,0,main,
0x801e4284,1,FUN_801e4284,,DEFAULT,unverified,decompiler_output_only,,0,0,main,
